# Pride's Eclipse traced visual prototype 3
mtllib pride_spear.mtl
v 0.118 -3.55 0
v 0.118 1.08 0
v 0.10902 -3.55 0.04516
v 0.10902 1.08 0.04516
v 0.08344 -3.55 0.08344
v 0.08344 1.08 0.08344
v 0.04516 -3.55 0.10902
v 0.04516 1.08 0.10902
v 0 -3.55 0.118
v 0 1.08 0.118
v -0.04516 -3.55 0.10902
v -0.04516 1.08 0.10902
v -0.08344 -3.55 0.08344
v -0.08344 1.08 0.08344
v -0.10902 -3.55 0.04516
v -0.10902 1.08 0.04516
v -0.118 -3.55 0
v -0.118 1.08 0
v -0.10902 -3.55 -0.04516
v -0.10902 1.08 -0.04516
v -0.08344 -3.55 -0.08344
v -0.08344 1.08 -0.08344
v -0.04516 -3.55 -0.10902
v -0.04516 1.08 -0.10902
v 0 -3.55 -0.118
v 0 1.08 -0.118
v 0.04516 -3.55 -0.10902
v 0.04516 1.08 -0.10902
v 0.08344 -3.55 -0.08344
v 0.08344 1.08 -0.08344
v 0.10902 -3.55 -0.04516
v 0.10902 1.08 -0.04516
v -0.087 -3.42 -0.01
v -0.087 1.02 -0.01
v -0.09227 -3.42 0.00273
v -0.09227 1.02 0.00273
v -0.105 -3.42 0.008
v -0.105 1.02 0.008
v -0.11773 -3.42 0.00273
v -0.11773 1.02 0.00273
v -0.123 -3.42 -0.01
v -0.123 1.02 -0.01
v -0.11773 -3.42 -0.02273
v -0.11773 1.02 -0.02273
v -0.105 -3.42 -0.028
v -0.105 1.02 -0.028
v -0.09227 -3.42 -0.02273
v -0.09227 1.02 -0.02273
v 0.123 -3.42 -0.01
v 0.123 1.02 -0.01
v 0.11773 -3.42 0.00273
v 0.11773 1.02 0.00273
v 0.105 -3.42 0.008
v 0.105 1.02 0.008
v 0.09227 -3.42 0.00273
v 0.09227 1.02 0.00273
v 0.087 -3.42 -0.01
v 0.087 1.02 -0.01
v 0.09227 -3.42 -0.02273
v 0.09227 1.02 -0.02273
v 0.105 -3.42 -0.028
v 0.105 1.02 -0.028
v 0.11773 -3.42 -0.02273
v 0.11773 1.02 -0.02273
v 0.135 -2.67 0
v 0.135 -1.72 0
v 0.12472 -2.67 0.05166
v 0.12472 -1.72 0.05166
v 0.09546 -2.67 0.09546
v 0.09546 -1.72 0.09546
v 0.05166 -2.67 0.12472
v 0.05166 -1.72 0.12472
v 0 -2.67 0.135
v 0 -1.72 0.135
v -0.05166 -2.67 0.12472
v -0.05166 -1.72 0.12472
v -0.09546 -2.67 0.09546
v -0.09546 -1.72 0.09546
v -0.12472 -2.67 0.05166
v -0.12472 -1.72 0.05166
v -0.135 -2.67 0
v -0.135 -1.72 0
v -0.12472 -2.67 -0.05166
v -0.12472 -1.72 -0.05166
v -0.09546 -2.67 -0.09546
v -0.09546 -1.72 -0.09546
v -0.05166 -2.67 -0.12472
v -0.05166 -1.72 -0.12472
v 0 -2.67 -0.135
v 0 -1.72 -0.135
v 0.05166 -2.67 -0.12472
v 0.05166 -1.72 -0.12472
v 0.09546 -2.67 -0.09546
v 0.09546 -1.72 -0.09546
v 0.12472 -2.67 -0.05166
v 0.12472 -1.72 -0.05166
v 0.158 -3.38 0
v 0.158 -3.295 0
v 0.14597 -3.38 0.06046
v 0.14597 -3.295 0.06046
v 0.11172 -3.38 0.11172
v 0.11172 -3.295 0.11172
v 0.06046 -3.38 0.14597
v 0.06046 -3.295 0.14597
v 0 -3.38 0.158
v 0 -3.295 0.158
v -0.06046 -3.38 0.14597
v -0.06046 -3.295 0.14597
v -0.11172 -3.38 0.11172
v -0.11172 -3.295 0.11172
v -0.14597 -3.38 0.06046
v -0.14597 -3.295 0.06046
v -0.158 -3.38 0
v -0.158 -3.295 0
v -0.14597 -3.38 -0.06046
v -0.14597 -3.295 -0.06046
v -0.11172 -3.38 -0.11172
v -0.11172 -3.295 -0.11172
v -0.06046 -3.38 -0.14597
v -0.06046 -3.295 -0.14597
v 0 -3.38 -0.158
v 0 -3.295 -0.158
v 0.06046 -3.38 -0.14597
v 0.06046 -3.295 -0.14597
v 0.11172 -3.38 -0.11172
v 0.11172 -3.295 -0.11172
v 0.14597 -3.38 -0.06046
v 0.14597 -3.295 -0.06046
v 0.158 -2.75 0
v 0.158 -2.665 0
v 0.14597 -2.75 0.06046
v 0.14597 -2.665 0.06046
v 0.11172 -2.75 0.11172
v 0.11172 -2.665 0.11172
v 0.06046 -2.75 0.14597
v 0.06046 -2.665 0.14597
v 0 -2.75 0.158
v 0 -2.665 0.158
v -0.06046 -2.75 0.14597
v -0.06046 -2.665 0.14597
v -0.11172 -2.75 0.11172
v -0.11172 -2.665 0.11172
v -0.14597 -2.75 0.06046
v -0.14597 -2.665 0.06046
v -0.158 -2.75 0
v -0.158 -2.665 0
v -0.14597 -2.75 -0.06046
v -0.14597 -2.665 -0.06046
v -0.11172 -2.75 -0.11172
v -0.11172 -2.665 -0.11172
v -0.06046 -2.75 -0.14597
v -0.06046 -2.665 -0.14597
v 0 -2.75 -0.158
v 0 -2.665 -0.158
v 0.06046 -2.75 -0.14597
v 0.06046 -2.665 -0.14597
v 0.11172 -2.75 -0.11172
v 0.11172 -2.665 -0.11172
v 0.14597 -2.75 -0.06046
v 0.14597 -2.665 -0.06046
v 0.158 -2.66 0
v 0.158 -2.575 0
v 0.14597 -2.66 0.06046
v 0.14597 -2.575 0.06046
v 0.11172 -2.66 0.11172
v 0.11172 -2.575 0.11172
v 0.06046 -2.66 0.14597
v 0.06046 -2.575 0.14597
v 0 -2.66 0.158
v 0 -2.575 0.158
v -0.06046 -2.66 0.14597
v -0.06046 -2.575 0.14597
v -0.11172 -2.66 0.11172
v -0.11172 -2.575 0.11172
v -0.14597 -2.66 0.06046
v -0.14597 -2.575 0.06046
v -0.158 -2.66 0
v -0.158 -2.575 0
v -0.14597 -2.66 -0.06046
v -0.14597 -2.575 -0.06046
v -0.11172 -2.66 -0.11172
v -0.11172 -2.575 -0.11172
v -0.06046 -2.66 -0.14597
v -0.06046 -2.575 -0.14597
v 0 -2.66 -0.158
v 0 -2.575 -0.158
v 0.06046 -2.66 -0.14597
v 0.06046 -2.575 -0.14597
v 0.11172 -2.66 -0.11172
v 0.11172 -2.575 -0.11172
v 0.14597 -2.66 -0.06046
v 0.14597 -2.575 -0.06046
v 0.158 -1.72 0
v 0.158 -1.635 0
v 0.14597 -1.72 0.06046
v 0.14597 -1.635 0.06046
v 0.11172 -1.72 0.11172
v 0.11172 -1.635 0.11172
v 0.06046 -1.72 0.14597
v 0.06046 -1.635 0.14597
v 0 -1.72 0.158
v 0 -1.635 0.158
v -0.06046 -1.72 0.14597
v -0.06046 -1.635 0.14597
v -0.11172 -1.72 0.11172
v -0.11172 -1.635 0.11172
v -0.14597 -1.72 0.06046
v -0.14597 -1.635 0.06046
v -0.158 -1.72 0
v -0.158 -1.635 0
v -0.14597 -1.72 -0.06046
v -0.14597 -1.635 -0.06046
v -0.11172 -1.72 -0.11172
v -0.11172 -1.635 -0.11172
v -0.06046 -1.72 -0.14597
v -0.06046 -1.635 -0.14597
v 0 -1.72 -0.158
v 0 -1.635 -0.158
v 0.06046 -1.72 -0.14597
v 0.06046 -1.635 -0.14597
v 0.11172 -1.72 -0.11172
v 0.11172 -1.635 -0.11172
v 0.14597 -1.72 -0.06046
v 0.14597 -1.635 -0.06046
v 0.158 -1.63 0
v 0.158 -1.545 0
v 0.14597 -1.63 0.06046
v 0.14597 -1.545 0.06046
v 0.11172 -1.63 0.11172
v 0.11172 -1.545 0.11172
v 0.06046 -1.63 0.14597
v 0.06046 -1.545 0.14597
v 0 -1.63 0.158
v 0 -1.545 0.158
v -0.06046 -1.63 0.14597
v -0.06046 -1.545 0.14597
v -0.11172 -1.63 0.11172
v -0.11172 -1.545 0.11172
v -0.14597 -1.63 0.06046
v -0.14597 -1.545 0.06046
v -0.158 -1.63 0
v -0.158 -1.545 0
v -0.14597 -1.63 -0.06046
v -0.14597 -1.545 -0.06046
v -0.11172 -1.63 -0.11172
v -0.11172 -1.545 -0.11172
v -0.06046 -1.63 -0.14597
v -0.06046 -1.545 -0.14597
v 0 -1.63 -0.158
v 0 -1.545 -0.158
v 0.06046 -1.63 -0.14597
v 0.06046 -1.545 -0.14597
v 0.11172 -1.63 -0.11172
v 0.11172 -1.545 -0.11172
v 0.14597 -1.63 -0.06046
v 0.14597 -1.545 -0.06046
v 0.158 -0.62 0
v 0.158 -0.535 0
v 0.14597 -0.62 0.06046
v 0.14597 -0.535 0.06046
v 0.11172 -0.62 0.11172
v 0.11172 -0.535 0.11172
v 0.06046 -0.62 0.14597
v 0.06046 -0.535 0.14597
v 0 -0.62 0.158
v 0 -0.535 0.158
v -0.06046 -0.62 0.14597
v -0.06046 -0.535 0.14597
v -0.11172 -0.62 0.11172
v -0.11172 -0.535 0.11172
v -0.14597 -0.62 0.06046
v -0.14597 -0.535 0.06046
v -0.158 -0.62 0
v -0.158 -0.535 0
v -0.14597 -0.62 -0.06046
v -0.14597 -0.535 -0.06046
v -0.11172 -0.62 -0.11172
v -0.11172 -0.535 -0.11172
v -0.06046 -0.62 -0.14597
v -0.06046 -0.535 -0.14597
v 0 -0.62 -0.158
v 0 -0.535 -0.158
v 0.06046 -0.62 -0.14597
v 0.06046 -0.535 -0.14597
v 0.11172 -0.62 -0.11172
v 0.11172 -0.535 -0.11172
v 0.14597 -0.62 -0.06046
v 0.14597 -0.535 -0.06046
v 0.158 0.48 0
v 0.158 0.565 0
v 0.14597 0.48 0.06046
v 0.14597 0.565 0.06046
v 0.11172 0.48 0.11172
v 0.11172 0.565 0.11172
v 0.06046 0.48 0.14597
v 0.06046 0.565 0.14597
v 0 0.48 0.158
v 0 0.565 0.158
v -0.06046 0.48 0.14597
v -0.06046 0.565 0.14597
v -0.11172 0.48 0.11172
v -0.11172 0.565 0.11172
v -0.14597 0.48 0.06046
v -0.14597 0.565 0.06046
v -0.158 0.48 0
v -0.158 0.565 0
v -0.14597 0.48 -0.06046
v -0.14597 0.565 -0.06046
v -0.11172 0.48 -0.11172
v -0.11172 0.565 -0.11172
v -0.06046 0.48 -0.14597
v -0.06046 0.565 -0.14597
v 0 0.48 -0.158
v 0 0.565 -0.158
v 0.06046 0.48 -0.14597
v 0.06046 0.565 -0.14597
v 0.11172 0.48 -0.11172
v 0.11172 0.565 -0.11172
v 0.14597 0.48 -0.06046
v 0.14597 0.565 -0.06046
v 0.158 0.96 0
v 0.158 1.045 0
v 0.14597 0.96 0.06046
v 0.14597 1.045 0.06046
v 0.11172 0.96 0.11172
v 0.11172 1.045 0.11172
v 0.06046 0.96 0.14597
v 0.06046 1.045 0.14597
v 0 0.96 0.158
v 0 1.045 0.158
v -0.06046 0.96 0.14597
v -0.06046 1.045 0.14597
v -0.11172 0.96 0.11172
v -0.11172 1.045 0.11172
v -0.14597 0.96 0.06046
v -0.14597 1.045 0.06046
v -0.158 0.96 0
v -0.158 1.045 0
v -0.14597 0.96 -0.06046
v -0.14597 1.045 -0.06046
v -0.11172 0.96 -0.11172
v -0.11172 1.045 -0.11172
v -0.06046 0.96 -0.14597
v -0.06046 1.045 -0.14597
v 0 0.96 -0.158
v 0 1.045 -0.158
v 0.06046 0.96 -0.14597
v 0.06046 1.045 -0.14597
v 0.11172 0.96 -0.11172
v 0.11172 1.045 -0.11172
v 0.14597 0.96 -0.06046
v 0.14597 1.045 -0.06046
v 0.215 -3.72 0
v 0.215 -3.5 0
v 0.19863 -3.72 0.08228
v 0.19863 -3.5 0.08228
v 0.15203 -3.72 0.15203
v 0.15203 -3.5 0.15203
v 0.08228 -3.72 0.19863
v 0.08228 -3.5 0.19863
v 0 -3.72 0.215
v 0 -3.5 0.215
v -0.08228 -3.72 0.19863
v -0.08228 -3.5 0.19863
v -0.15203 -3.72 0.15203
v -0.15203 -3.5 0.15203
v -0.19863 -3.72 0.08228
v -0.19863 -3.5 0.08228
v -0.215 -3.72 0
v -0.215 -3.5 0
v -0.19863 -3.72 -0.08228
v -0.19863 -3.5 -0.08228
v -0.15203 -3.72 -0.15203
v -0.15203 -3.5 -0.15203
v -0.08228 -3.72 -0.19863
v -0.08228 -3.5 -0.19863
v 0 -3.72 -0.215
v 0 -3.5 -0.215
v 0.08228 -3.72 -0.19863
v 0.08228 -3.5 -0.19863
v 0.15203 -3.72 -0.15203
v 0.15203 -3.5 -0.15203
v 0.19863 -3.72 -0.08228
v 0.19863 -3.5 -0.08228
v 0.06 -4.08 -0.08
v 0.28 -4.08 -0.08
v 0.28 -4.08 0.08
v 0.06 -4.08 0.08
v 0.21 -3.6 0
v -0.025 -4.08 0.06722
v 0.195 -4.08 0.06722
v 0.195 -4.08 0.22722
v -0.025 -4.08 0.22722
v 0.105 -3.6 0.14722
v -0.195 -4.08 0.06722
v 0.025 -4.08 0.06722
v 0.025 -4.08 0.22722
v -0.195 -4.08 0.22722
v -0.105 -3.6 0.14722
v -0.28 -4.08 -0.08
v -0.06 -4.08 -0.08
v -0.06 -4.08 0.08
v -0.28 -4.08 0.08
v -0.21 -3.6 0
v -0.195 -4.08 -0.22722
v 0.025 -4.08 -0.22722
v 0.025 -4.08 -0.06722
v -0.195 -4.08 -0.06722
v -0.105 -3.6 -0.14722
v -0.025 -4.08 -0.22722
v 0.195 -4.08 -0.22722
v 0.195 -4.08 -0.06722
v -0.025 -4.08 -0.06722
v 0.105 -3.6 -0.14722
v -0.34 1.4 -0.12
v -0.34 1.4 0.12
v -0.48 2.15 -0.12
v -0.48 2.15 0.12
v -0.3 2.72 -0.12
v -0.3 2.72 0.12
v 0 3.78 -0.12
v 0 3.78 0.12
v 0.3 2.72 -0.12
v 0.3 2.72 0.12
v 0.48 2.15 -0.12
v 0.48 2.15 0.12
v 0.34 1.4 -0.12
v 0.34 1.4 0.12
v -0.105 1.56 -0.1275
v -0.105 1.56 0.1275
v -0.14 2.35 -0.1275
v -0.14 2.35 0.1275
v 0 3.3 -0.1275
v 0 3.3 0.1275
v 0.14 2.35 -0.1275
v 0.14 2.35 0.1275
v 0.105 1.56 -0.1275
v 0.105 1.56 0.1275
v -0.18 1.48 -0.1325
v -0.18 1.48 0.1325
v -0.22 2.45 -0.1325
v -0.22 2.45 0.1325
v 0 3.53 -0.1325
v 0 3.53 0.1325
v -0.06 3.22 -0.1325
v -0.06 3.22 0.1325
v -0.14 2.35 -0.1325
v -0.14 2.35 0.1325
v -0.105 1.56 -0.1325
v -0.105 1.56 0.1325
v 0.18 1.48 -0.1325
v 0.18 1.48 0.1325
v 0.105 1.56 -0.1325
v 0.105 1.56 0.1325
v 0.14 2.35 -0.1325
v 0.14 2.35 0.1325
v 0.06 3.22 -0.1325
v 0.06 3.22 0.1325
v 0 3.53 -0.1325
v 0 3.53 0.1325
v 0.22 2.45 -0.1325
v 0.22 2.45 0.1325
v -0.28 0.82 -0.15
v -0.28 0.82 0.15
v -0.82 0.9 -0.15
v -0.82 0.9 0.15
v -1.03 1.3 -0.15
v -1.03 1.3 0.15
v -0.92 2.34 -0.15
v -0.92 2.34 0.15
v -0.72 2.67 -0.15
v -0.72 2.67 0.15
v -0.63 1.67 -0.15
v -0.63 1.67 0.15
v -0.47 1.18 -0.15
v -0.47 1.18 0.15
v 0.28 0.82 -0.15
v 0.28 0.82 0.15
v 0.82 0.9 -0.15
v 0.82 0.9 0.15
v 1.03 1.3 -0.15
v 1.03 1.3 0.15
v 0.92 2.34 -0.15
v 0.92 2.34 0.15
v 0.72 2.67 -0.15
v 0.72 2.67 0.15
v 0.63 1.67 -0.15
v 0.63 1.67 0.15
v 0.47 1.18 -0.15
v 0.47 1.18 0.15
v -0.32 1.02 -0.16
v -0.32 1.02 0.16
v -0.67 1.15 -0.16
v -0.67 1.15 0.16
v -0.78 1.48 -0.16
v -0.78 1.48 0.16
v -0.71 2.14 -0.16
v -0.71 2.14 0.16
v -0.64 2.27 -0.16
v -0.64 2.27 0.16
v -0.57 1.59 -0.16
v -0.57 1.59 0.16
v -0.4 1.28 -0.16
v -0.4 1.28 0.16
v 0.32 1.02 -0.16
v 0.32 1.02 0.16
v 0.67 1.15 -0.16
v 0.67 1.15 0.16
v 0.78 1.48 -0.16
v 0.78 1.48 0.16
v 0.71 2.14 -0.16
v 0.71 2.14 0.16
v 0.64 2.27 -0.16
v 0.64 2.27 0.16
v 0.57 1.59 -0.16
v 0.57 1.59 0.16
v 0.4 1.28 -0.16
v 0.4 1.28 0.16
v -0.77 0.88 -0.155
v -0.77 0.88 0.155
v -0.62 0.52 -0.155
v -0.62 0.52 0.155
v -0.3 0.36 -0.155
v -0.3 0.36 0.155
v 0 0.45 -0.155
v 0 0.45 0.155
v 0.3 0.36 -0.155
v 0.3 0.36 0.155
v 0.62 0.52 -0.155
v 0.62 0.52 0.155
v 0.77 0.88 -0.155
v 0.77 0.88 0.155
v 0.45 0.79 -0.155
v 0.45 0.79 0.155
v 0.25 0.66 -0.155
v 0.25 0.66 0.155
v 0 0.72 -0.155
v 0 0.72 0.155
v -0.25 0.66 -0.155
v -0.25 0.66 0.155
v -0.45 0.79 -0.155
v -0.45 0.79 0.155
v 0 2.12 0
v 0 2.12 0
v 0 2.12 0
v 0 2.12 0
v 0 2.12 0
v 0 2.12 0
v 0 2.12 0
v 0 2.12 0
v 0 2.12 0
v 0 2.12 0
v 0 2.12 0
v 0 2.12 0
v 0 2.12 0
v 0 2.12 0
v 0 2.12 0
v 0 2.12 0
v 0 2.12 0
v 0 2.12 0
v 0 2.12 0
v 0 2.12 0
v 0 2.12 0
v 0 2.12 0
v 0 2.12 0
v 0 2.12 0
v 0 2.12 0
v 0.14753 2.10058 0
v 0.1425 2.10058 0.03818
v 0.12776 2.10058 0.07376
v 0.10432 2.10058 0.10432
v 0.07376 2.10058 0.12776
v 0.03818 2.10058 0.1425
v 0 2.10058 0.14753
v -0.03818 2.10058 0.1425
v -0.07376 2.10058 0.12776
v -0.10432 2.10058 0.10432
v -0.12776 2.10058 0.07376
v -0.1425 2.10058 0.03818
v -0.14753 2.10058 0
v -0.1425 2.10058 -0.03818
v -0.12776 2.10058 -0.07376
v -0.10432 2.10058 -0.10432
v -0.07376 2.10058 -0.12776
v -0.03818 2.10058 -0.1425
v 0 2.10058 -0.14753
v 0.03818 2.10058 -0.1425
v 0.07376 2.10058 -0.12776
v 0.10432 2.10058 -0.10432
v 0.12776 2.10058 -0.07376
v 0.1425 2.10058 -0.03818
v 0.14753 2.10058 0
v 0.285 2.04363 0
v 0.27529 2.04363 0.07376
v 0.24682 2.04363 0.1425
v 0.20153 2.04363 0.20153
v 0.1425 2.04363 0.24682
v 0.07376 2.04363 0.27529
v 0 2.04363 0.285
v -0.07376 2.04363 0.27529
v -0.1425 2.04363 0.24682
v -0.20153 2.04363 0.20153
v -0.24682 2.04363 0.1425
v -0.27529 2.04363 0.07376
v -0.285 2.04363 0
v -0.27529 2.04363 -0.07376
v -0.24682 2.04363 -0.1425
v -0.20153 2.04363 -0.20153
v -0.1425 2.04363 -0.24682
v -0.07376 2.04363 -0.27529
v 0 2.04363 -0.285
v 0.07376 2.04363 -0.27529
v 0.1425 2.04363 -0.24682
v 0.20153 2.04363 -0.20153
v 0.24682 2.04363 -0.1425
v 0.27529 2.04363 -0.07376
v 0.285 2.04363 0
v 0.40305 1.95305 0
v 0.38932 1.95305 0.10432
v 0.34905 1.95305 0.20153
v 0.285 1.95305 0.285
v 0.20153 1.95305 0.34905
v 0.10432 1.95305 0.38932
v 0 1.95305 0.40305
v -0.10432 1.95305 0.38932
v -0.20153 1.95305 0.34905
v -0.285 1.95305 0.285
v -0.34905 1.95305 0.20153
v -0.38932 1.95305 0.10432
v -0.40305 1.95305 0
v -0.38932 1.95305 -0.10432
v -0.34905 1.95305 -0.20153
v -0.285 1.95305 -0.285
v -0.20153 1.95305 -0.34905
v -0.10432 1.95305 -0.38932
v 0 1.95305 -0.40305
v 0.10432 1.95305 -0.38932
v 0.20153 1.95305 -0.34905
v 0.285 1.95305 -0.285
v 0.34905 1.95305 -0.20153
v 0.38932 1.95305 -0.10432
v 0.40305 1.95305 0
v 0.49363 1.835 0
v 0.47681 1.835 0.12776
v 0.4275 1.835 0.24682
v 0.34905 1.835 0.34905
v 0.24682 1.835 0.4275
v 0.12776 1.835 0.47681
v 0 1.835 0.49363
v -0.12776 1.835 0.47681
v -0.24682 1.835 0.4275
v -0.34905 1.835 0.34905
v -0.4275 1.835 0.24682
v -0.47681 1.835 0.12776
v -0.49363 1.835 0
v -0.47681 1.835 -0.12776
v -0.4275 1.835 -0.24682
v -0.34905 1.835 -0.34905
v -0.24682 1.835 -0.4275
v -0.12776 1.835 -0.47681
v 0 1.835 -0.49363
v 0.12776 1.835 -0.47681
v 0.24682 1.835 -0.4275
v 0.34905 1.835 -0.34905
v 0.4275 1.835 -0.24682
v 0.47681 1.835 -0.12776
v 0.49363 1.835 0
v 0.55058 1.69753 0
v 0.53182 1.69753 0.1425
v 0.47681 1.69753 0.27529
v 0.38932 1.69753 0.38932
v 0.27529 1.69753 0.47681
v 0.1425 1.69753 0.53182
v 0 1.69753 0.55058
v -0.1425 1.69753 0.53182
v -0.27529 1.69753 0.47681
v -0.38932 1.69753 0.38932
v -0.47681 1.69753 0.27529
v -0.53182 1.69753 0.1425
v -0.55058 1.69753 0
v -0.53182 1.69753 -0.1425
v -0.47681 1.69753 -0.27529
v -0.38932 1.69753 -0.38932
v -0.27529 1.69753 -0.47681
v -0.1425 1.69753 -0.53182
v 0 1.69753 -0.55058
v 0.1425 1.69753 -0.53182
v 0.27529 1.69753 -0.47681
v 0.38932 1.69753 -0.38932
v 0.47681 1.69753 -0.27529
v 0.53182 1.69753 -0.1425
v 0.55058 1.69753 0
v 0.57 1.55 0
v 0.55058 1.55 0.14753
v 0.49363 1.55 0.285
v 0.40305 1.55 0.40305
v 0.285 1.55 0.49363
v 0.14753 1.55 0.55058
v 0 1.55 0.57
v -0.14753 1.55 0.55058
v -0.285 1.55 0.49363
v -0.40305 1.55 0.40305
v -0.49363 1.55 0.285
v -0.55058 1.55 0.14753
v -0.57 1.55 0
v -0.55058 1.55 -0.14753
v -0.49363 1.55 -0.285
v -0.40305 1.55 -0.40305
v -0.285 1.55 -0.49363
v -0.14753 1.55 -0.55058
v 0 1.55 -0.57
v 0.14753 1.55 -0.55058
v 0.285 1.55 -0.49363
v 0.40305 1.55 -0.40305
v 0.49363 1.55 -0.285
v 0.55058 1.55 -0.14753
v 0.57 1.55 0
v 0.55058 1.40247 0
v 0.53182 1.40247 0.1425
v 0.47681 1.40247 0.27529
v 0.38932 1.40247 0.38932
v 0.27529 1.40247 0.47681
v 0.1425 1.40247 0.53182
v 0 1.40247 0.55058
v -0.1425 1.40247 0.53182
v -0.27529 1.40247 0.47681
v -0.38932 1.40247 0.38932
v -0.47681 1.40247 0.27529
v -0.53182 1.40247 0.1425
v -0.55058 1.40247 0
v -0.53182 1.40247 -0.1425
v -0.47681 1.40247 -0.27529
v -0.38932 1.40247 -0.38932
v -0.27529 1.40247 -0.47681
v -0.1425 1.40247 -0.53182
v 0 1.40247 -0.55058
v 0.1425 1.40247 -0.53182
v 0.27529 1.40247 -0.47681
v 0.38932 1.40247 -0.38932
v 0.47681 1.40247 -0.27529
v 0.53182 1.40247 -0.1425
v 0.55058 1.40247 0
v 0.49363 1.265 0
v 0.47681 1.265 0.12776
v 0.4275 1.265 0.24682
v 0.34905 1.265 0.34905
v 0.24682 1.265 0.4275
v 0.12776 1.265 0.47681
v 0 1.265 0.49363
v -0.12776 1.265 0.47681
v -0.24682 1.265 0.4275
v -0.34905 1.265 0.34905
v -0.4275 1.265 0.24682
v -0.47681 1.265 0.12776
v -0.49363 1.265 0
v -0.47681 1.265 -0.12776
v -0.4275 1.265 -0.24682
v -0.34905 1.265 -0.34905
v -0.24682 1.265 -0.4275
v -0.12776 1.265 -0.47681
v 0 1.265 -0.49363
v 0.12776 1.265 -0.47681
v 0.24682 1.265 -0.4275
v 0.34905 1.265 -0.34905
v 0.4275 1.265 -0.24682
v 0.47681 1.265 -0.12776
v 0.49363 1.265 0
v 0.40305 1.14695 0
v 0.38932 1.14695 0.10432
v 0.34905 1.14695 0.20153
v 0.285 1.14695 0.285
v 0.20153 1.14695 0.34905
v 0.10432 1.14695 0.38932
v 0 1.14695 0.40305
v -0.10432 1.14695 0.38932
v -0.20153 1.14695 0.34905
v -0.285 1.14695 0.285
v -0.34905 1.14695 0.20153
v -0.38932 1.14695 0.10432
v -0.40305 1.14695 0
v -0.38932 1.14695 -0.10432
v -0.34905 1.14695 -0.20153
v -0.285 1.14695 -0.285
v -0.20153 1.14695 -0.34905
v -0.10432 1.14695 -0.38932
v 0 1.14695 -0.40305
v 0.10432 1.14695 -0.38932
v 0.20153 1.14695 -0.34905
v 0.285 1.14695 -0.285
v 0.34905 1.14695 -0.20153
v 0.38932 1.14695 -0.10432
v 0.40305 1.14695 0
v 0.285 1.05637 0
v 0.27529 1.05637 0.07376
v 0.24682 1.05637 0.1425
v 0.20153 1.05637 0.20153
v 0.1425 1.05637 0.24682
v 0.07376 1.05637 0.27529
v 0 1.05637 0.285
v -0.07376 1.05637 0.27529
v -0.1425 1.05637 0.24682
v -0.20153 1.05637 0.20153
v -0.24682 1.05637 0.1425
v -0.27529 1.05637 0.07376
v -0.285 1.05637 0
v -0.27529 1.05637 -0.07376
v -0.24682 1.05637 -0.1425
v -0.20153 1.05637 -0.20153
v -0.1425 1.05637 -0.24682
v -0.07376 1.05637 -0.27529
v 0 1.05637 -0.285
v 0.07376 1.05637 -0.27529
v 0.1425 1.05637 -0.24682
v 0.20153 1.05637 -0.20153
v 0.24682 1.05637 -0.1425
v 0.27529 1.05637 -0.07376
v 0.285 1.05637 0
v 0.14753 0.99942 0
v 0.1425 0.99942 0.03818
v 0.12776 0.99942 0.07376
v 0.10432 0.99942 0.10432
v 0.07376 0.99942 0.12776
v 0.03818 0.99942 0.1425
v 0 0.99942 0.14753
v -0.03818 0.99942 0.1425
v -0.07376 0.99942 0.12776
v -0.10432 0.99942 0.10432
v -0.12776 0.99942 0.07376
v -0.1425 0.99942 0.03818
v -0.14753 0.99942 0
v -0.1425 0.99942 -0.03818
v -0.12776 0.99942 -0.07376
v -0.10432 0.99942 -0.10432
v -0.07376 0.99942 -0.12776
v -0.03818 0.99942 -0.1425
v 0 0.99942 -0.14753
v 0.03818 0.99942 -0.1425
v 0.07376 0.99942 -0.12776
v 0.10432 0.99942 -0.10432
v 0.12776 0.99942 -0.07376
v 0.1425 0.99942 -0.03818
v 0.14753 0.99942 0
v 0 0.98 0
v 0 0.98 0
v 0 0.98 0
v 0 0.98 0
v 0 0.98 0
v 0 0.98 0
v 0 0.98 0
v 0 0.98 0
v 0 0.98 0
v 0 0.98 0
v 0 0.98 0
v 0 0.98 0
v 0 0.98 0
v 0 0.98 0
v 0 0.98 0
v 0 0.98 0
v 0 0.98 0
v 0 0.98 0
v 0 0.98 0
v 0 0.98 0
v 0 0.98 0
v 0 0.98 0
v 0 0.98 0
v 0 0.98 0
v 0 0.98 0
v 0.11 2.03 -0.42
v 0.11 2.03 -0.42
v 0.11 2.03 -0.42
v 0.11 2.03 -0.42
v 0.11 2.03 -0.42
v 0.11 2.03 -0.42
v 0.11 2.03 -0.42
v 0.11 2.03 -0.42
v 0.11 2.03 -0.42
v 0.11 2.03 -0.42
v 0.11 2.03 -0.42
v 0.11 2.03 -0.42
v 0.11 2.03 -0.42
v 0.11 2.03 -0.42
v 0.11 2.03 -0.42
v 0.11 2.03 -0.42
v 0.11 2.03 -0.42
v 0.11 2.03 -0.42
v 0.11 2.03 -0.42
v 0.11 2.03 -0.42
v 0.11 2.03 -0.42
v 0.11 2.03 -0.42
v 0.11 2.03 -0.42
v 0.11 2.03 -0.42
v 0.11 2.03 -0.42
v 0.22906 2.01433 -0.42
v 0.225 2.01433 -0.38919
v 0.21311 2.01433 -0.36047
v 0.19419 2.01433 -0.33581
v 0.16953 2.01433 -0.31689
v 0.14081 2.01433 -0.305
v 0.11 2.01433 -0.30094
v 0.07919 2.01433 -0.305
v 0.05047 2.01433 -0.31689
v 0.02581 2.01433 -0.33581
v 0.00689 2.01433 -0.36047
v -0.005 2.01433 -0.38919
v -0.00906 2.01433 -0.42
v -0.005 2.01433 -0.45081
v 0.00689 2.01433 -0.47953
v 0.02581 2.01433 -0.50419
v 0.05047 2.01433 -0.52311
v 0.07919 2.01433 -0.535
v 0.11 2.01433 -0.53906
v 0.14081 2.01433 -0.535
v 0.16953 2.01433 -0.52311
v 0.19419 2.01433 -0.50419
v 0.21311 2.01433 -0.47953
v 0.225 2.01433 -0.45081
v 0.22906 2.01433 -0.42
v 0.34 1.96837 -0.42
v 0.33216 1.96837 -0.36047
v 0.30919 1.96837 -0.305
v 0.27263 1.96837 -0.25737
v 0.225 1.96837 -0.22081
v 0.16953 1.96837 -0.19784
v 0.11 1.96837 -0.19
v 0.05047 1.96837 -0.19784
v -0.005 1.96837 -0.22081
v -0.05263 1.96837 -0.25737
v -0.08919 1.96837 -0.305
v -0.11216 1.96837 -0.36047
v -0.12 1.96837 -0.42
v -0.11216 1.96837 -0.47953
v -0.08919 1.96837 -0.535
v -0.05263 1.96837 -0.58263
v -0.005 1.96837 -0.61919
v 0.05047 1.96837 -0.64216
v 0.11 1.96837 -0.65
v 0.16953 1.96837 -0.64216
v 0.225 1.96837 -0.61919
v 0.27263 1.96837 -0.58263
v 0.30919 1.96837 -0.535
v 0.33216 1.96837 -0.47953
v 0.34 1.96837 -0.42
v 0.43527 1.89527 -0.42
v 0.42419 1.89527 -0.33581
v 0.39169 1.89527 -0.25737
v 0.34 1.89527 -0.19
v 0.27263 1.89527 -0.13831
v 0.19419 1.89527 -0.10581
v 0.11 1.89527 -0.09473
v 0.02581 1.89527 -0.10581
v -0.05263 1.89527 -0.13831
v -0.12 1.89527 -0.19
v -0.17169 1.89527 -0.25737
v -0.20419 1.89527 -0.33581
v -0.21527 1.89527 -0.42
v -0.20419 1.89527 -0.50419
v -0.17169 1.89527 -0.58263
v -0.12 1.89527 -0.65
v -0.05263 1.89527 -0.70169
v 0.02581 1.89527 -0.73419
v 0.11 1.89527 -0.74527
v 0.19419 1.89527 -0.73419
v 0.27263 1.89527 -0.70169
v 0.34 1.89527 -0.65
v 0.39169 1.89527 -0.58263
v 0.42419 1.89527 -0.50419
v 0.43527 1.89527 -0.42
v 0.50837 1.8 -0.42
v 0.4948 1.8 -0.31689
v 0.455 1.8 -0.22081
v 0.39169 1.8 -0.13831
v 0.30919 1.8 -0.075
v 0.21311 1.8 -0.0352
v 0.11 1.8 -0.02163
v 0.00689 1.8 -0.0352
v -0.08919 1.8 -0.075
v -0.17169 1.8 -0.13831
v -0.235 1.8 -0.22081
v -0.2748 1.8 -0.31689
v -0.28837 1.8 -0.42
v -0.2748 1.8 -0.52311
v -0.235 1.8 -0.61919
v -0.17169 1.8 -0.70169
v -0.08919 1.8 -0.765
v 0.00689 1.8 -0.8048
v 0.11 1.8 -0.81837
v 0.21311 1.8 -0.8048
v 0.30919 1.8 -0.765
v 0.39169 1.8 -0.70169
v 0.455 1.8 -0.61919
v 0.4948 1.8 -0.52311
v 0.50837 1.8 -0.42
v 0.55433 1.68906 -0.42
v 0.53919 1.68906 -0.305
v 0.4948 1.68906 -0.19784
v 0.42419 1.68906 -0.10581
v 0.33216 1.68906 -0.0352
v 0.225 1.68906 0.00919
v 0.11 1.68906 0.02433
v -0.005 1.68906 0.00919
v -0.11216 1.68906 -0.0352
v -0.20419 1.68906 -0.10581
v -0.2748 1.68906 -0.19784
v -0.31919 1.68906 -0.305
v -0.33433 1.68906 -0.42
v -0.31919 1.68906 -0.535
v -0.2748 1.68906 -0.64216
v -0.20419 1.68906 -0.73419
v -0.11216 1.68906 -0.8048
v -0.005 1.68906 -0.84919
v 0.11 1.68906 -0.86433
v 0.225 1.68906 -0.84919
v 0.33216 1.68906 -0.8048
v 0.42419 1.68906 -0.73419
v 0.4948 1.68906 -0.64216
v 0.53919 1.68906 -0.535
v 0.55433 1.68906 -0.42
v 0.57 1.57 -0.42
v 0.55433 1.57 -0.30094
v 0.50837 1.57 -0.19
v 0.43527 1.57 -0.09473
v 0.34 1.57 -0.02163
v 0.22906 1.57 0.02433
v 0.11 1.57 0.04
v -0.00906 1.57 0.02433
v -0.12 1.57 -0.02163
v -0.21527 1.57 -0.09473
v -0.28837 1.57 -0.19
v -0.33433 1.57 -0.30094
v -0.35 1.57 -0.42
v -0.33433 1.57 -0.53906
v -0.28837 1.57 -0.65
v -0.21527 1.57 -0.74527
v -0.12 1.57 -0.81837
v -0.00906 1.57 -0.86433
v 0.11 1.57 -0.88
v 0.22906 1.57 -0.86433
v 0.34 1.57 -0.81837
v 0.43527 1.57 -0.74527
v 0.50837 1.57 -0.65
v 0.55433 1.57 -0.53906
v 0.57 1.57 -0.42
v 0.55433 1.45094 -0.42
v 0.53919 1.45094 -0.305
v 0.4948 1.45094 -0.19784
v 0.42419 1.45094 -0.10581
v 0.33216 1.45094 -0.0352
v 0.225 1.45094 0.00919
v 0.11 1.45094 0.02433
v -0.005 1.45094 0.00919
v -0.11216 1.45094 -0.0352
v -0.20419 1.45094 -0.10581
v -0.2748 1.45094 -0.19784
v -0.31919 1.45094 -0.305
v -0.33433 1.45094 -0.42
v -0.31919 1.45094 -0.535
v -0.2748 1.45094 -0.64216
v -0.20419 1.45094 -0.73419
v -0.11216 1.45094 -0.8048
v -0.005 1.45094 -0.84919
v 0.11 1.45094 -0.86433
v 0.225 1.45094 -0.84919
v 0.33216 1.45094 -0.8048
v 0.42419 1.45094 -0.73419
v 0.4948 1.45094 -0.64216
v 0.53919 1.45094 -0.535
v 0.55433 1.45094 -0.42
v 0.50837 1.34 -0.42
v 0.4948 1.34 -0.31689
v 0.455 1.34 -0.22081
v 0.39169 1.34 -0.13831
v 0.30919 1.34 -0.075
v 0.21311 1.34 -0.0352
v 0.11 1.34 -0.02163
v 0.00689 1.34 -0.0352
v -0.08919 1.34 -0.075
v -0.17169 1.34 -0.13831
v -0.235 1.34 -0.22081
v -0.2748 1.34 -0.31689
v -0.28837 1.34 -0.42
v -0.2748 1.34 -0.52311
v -0.235 1.34 -0.61919
v -0.17169 1.34 -0.70169
v -0.08919 1.34 -0.765
v 0.00689 1.34 -0.8048
v 0.11 1.34 -0.81837
v 0.21311 1.34 -0.8048
v 0.30919 1.34 -0.765
v 0.39169 1.34 -0.70169
v 0.455 1.34 -0.61919
v 0.4948 1.34 -0.52311
v 0.50837 1.34 -0.42
v 0.43527 1.24473 -0.42
v 0.42419 1.24473 -0.33581
v 0.39169 1.24473 -0.25737
v 0.34 1.24473 -0.19
v 0.27263 1.24473 -0.13831
v 0.19419 1.24473 -0.10581
v 0.11 1.24473 -0.09473
v 0.02581 1.24473 -0.10581
v -0.05263 1.24473 -0.13831
v -0.12 1.24473 -0.19
v -0.17169 1.24473 -0.25737
v -0.20419 1.24473 -0.33581
v -0.21527 1.24473 -0.42
v -0.20419 1.24473 -0.50419
v -0.17169 1.24473 -0.58263
v -0.12 1.24473 -0.65
v -0.05263 1.24473 -0.70169
v 0.02581 1.24473 -0.73419
v 0.11 1.24473 -0.74527
v 0.19419 1.24473 -0.73419
v 0.27263 1.24473 -0.70169
v 0.34 1.24473 -0.65
v 0.39169 1.24473 -0.58263
v 0.42419 1.24473 -0.50419
v 0.43527 1.24473 -0.42
v 0.34 1.17163 -0.42
v 0.33216 1.17163 -0.36047
v 0.30919 1.17163 -0.305
v 0.27263 1.17163 -0.25737
v 0.225 1.17163 -0.22081
v 0.16953 1.17163 -0.19784
v 0.11 1.17163 -0.19
v 0.05047 1.17163 -0.19784
v -0.005 1.17163 -0.22081
v -0.05263 1.17163 -0.25737
v -0.08919 1.17163 -0.305
v -0.11216 1.17163 -0.36047
v -0.12 1.17163 -0.42
v -0.11216 1.17163 -0.47953
v -0.08919 1.17163 -0.535
v -0.05263 1.17163 -0.58263
v -0.005 1.17163 -0.61919
v 0.05047 1.17163 -0.64216
v 0.11 1.17163 -0.65
v 0.16953 1.17163 -0.64216
v 0.225 1.17163 -0.61919
v 0.27263 1.17163 -0.58263
v 0.30919 1.17163 -0.535
v 0.33216 1.17163 -0.47953
v 0.34 1.17163 -0.42
v 0.22906 1.12567 -0.42
v 0.225 1.12567 -0.38919
v 0.21311 1.12567 -0.36047
v 0.19419 1.12567 -0.33581
v 0.16953 1.12567 -0.31689
v 0.14081 1.12567 -0.305
v 0.11 1.12567 -0.30094
v 0.07919 1.12567 -0.305
v 0.05047 1.12567 -0.31689
v 0.02581 1.12567 -0.33581
v 0.00689 1.12567 -0.36047
v -0.005 1.12567 -0.38919
v -0.00906 1.12567 -0.42
v -0.005 1.12567 -0.45081
v 0.00689 1.12567 -0.47953
v 0.02581 1.12567 -0.50419
v 0.05047 1.12567 -0.52311
v 0.07919 1.12567 -0.535
v 0.11 1.12567 -0.53906
v 0.14081 1.12567 -0.535
v 0.16953 1.12567 -0.52311
v 0.19419 1.12567 -0.50419
v 0.21311 1.12567 -0.47953
v 0.225 1.12567 -0.45081
v 0.22906 1.12567 -0.42
v 0.11 1.11 -0.42
v 0.11 1.11 -0.42
v 0.11 1.11 -0.42
v 0.11 1.11 -0.42
v 0.11 1.11 -0.42
v 0.11 1.11 -0.42
v 0.11 1.11 -0.42
v 0.11 1.11 -0.42
v 0.11 1.11 -0.42
v 0.11 1.11 -0.42
v 0.11 1.11 -0.42
v 0.11 1.11 -0.42
v 0.11 1.11 -0.42
v 0.11 1.11 -0.42
v 0.11 1.11 -0.42
v 0.11 1.11 -0.42
v 0.11 1.11 -0.42
v 0.11 1.11 -0.42
v 0.11 1.11 -0.42
v 0.11 1.11 -0.42
v 0.11 1.11 -0.42
v 0.11 1.11 -0.42
v 0.11 1.11 -0.42
v 0.11 1.11 -0.42
v 0.11 1.11 -0.42
v 0.632 1.55 -0.1
v 0.61677 1.55 -0.06323
v 0.58 1.55 -0.048
v 0.54323 1.55 -0.06323
v 0.528 1.55 -0.1
v 0.54323 1.55 -0.13677
v 0.58 1.55 -0.152
v 0.61677 1.55 -0.13677
v 0.632 1.55 -0.1
v 0.61986 1.6733 -0.1
v 0.60492 1.67033 -0.06323
v 0.56886 1.66315 -0.048
v 0.53279 1.65598 -0.06323
v 0.51785 1.65301 -0.1
v 0.53279 1.65598 -0.13677
v 0.56886 1.66315 -0.152
v 0.60492 1.67033 -0.13677
v 0.61986 1.6733 -0.1
v 0.58389 1.79186 -0.1
v 0.56982 1.78603 -0.06323
v 0.53585 1.77196 -0.048
v 0.50188 1.75789 -0.06323
v 0.48781 1.75206 -0.1
v 0.50188 1.75789 -0.13677
v 0.53585 1.77196 -0.152
v 0.56982 1.78603 -0.13677
v 0.58389 1.79186 -0.1
v 0.52549 1.90112 -0.1
v 0.51283 1.89266 -0.06323
v 0.48225 1.87223 -0.048
v 0.45168 1.8518 -0.06323
v 0.43902 1.84334 -0.1
v 0.45168 1.8518 -0.13677
v 0.48225 1.87223 -0.152
v 0.51283 1.89266 -0.13677
v 0.52549 1.90112 -0.1
v 0.44689 1.99689 -0.1
v 0.43612 1.98612 -0.06323
v 0.41012 1.96012 -0.048
v 0.38412 1.93412 -0.06323
v 0.37335 1.92335 -0.1
v 0.38412 1.93412 -0.13677
v 0.41012 1.96012 -0.152
v 0.43612 1.98612 -0.13677
v 0.44689 1.99689 -0.1
v 0.35112 2.07549 -0.1
v 0.34266 2.06283 -0.06323
v 0.32223 2.03225 -0.048
v 0.3018 2.00168 -0.06323
v 0.29334 1.98902 -0.1
v 0.3018 2.00168 -0.13677
v 0.32223 2.03225 -0.152
v 0.34266 2.06283 -0.13677
v 0.35112 2.07549 -0.1
v 0.24186 2.13389 -0.1
v 0.23603 2.11982 -0.06323
v 0.22196 2.08585 -0.048
v 0.20789 2.05188 -0.06323
v 0.20206 2.03781 -0.1
v 0.20789 2.05188 -0.13677
v 0.22196 2.08585 -0.152
v 0.23603 2.11982 -0.13677
v 0.24186 2.13389 -0.1
v 0.1233 2.16986 -0.1
v 0.12033 2.15492 -0.06323
v 0.11315 2.11886 -0.048
v 0.10598 2.08279 -0.06323
v 0.10301 2.06785 -0.1
v 0.10598 2.08279 -0.13677
v 0.11315 2.11886 -0.152
v 0.12033 2.15492 -0.13677
v 0.1233 2.16986 -0.1
v 0 2.182 -0.1
v 0 2.16677 -0.06323
v 0 2.13 -0.048
v 0 2.09323 -0.06323
v 0 2.078 -0.1
v 0 2.09323 -0.13677
v 0 2.13 -0.152
v 0 2.16677 -0.13677
v 0 2.182 -0.1
v -0.1233 2.16986 -0.1
v -0.12033 2.15492 -0.06323
v -0.11315 2.11886 -0.048
v -0.10598 2.08279 -0.06323
v -0.10301 2.06785 -0.1
v -0.10598 2.08279 -0.13677
v -0.11315 2.11886 -0.152
v -0.12033 2.15492 -0.13677
v -0.1233 2.16986 -0.1
v -0.24186 2.13389 -0.1
v -0.23603 2.11982 -0.06323
v -0.22196 2.08585 -0.048
v -0.20789 2.05188 -0.06323
v -0.20206 2.03781 -0.1
v -0.20789 2.05188 -0.13677
v -0.22196 2.08585 -0.152
v -0.23603 2.11982 -0.13677
v -0.24186 2.13389 -0.1
v -0.35112 2.07549 -0.1
v -0.34266 2.06283 -0.06323
v -0.32223 2.03225 -0.048
v -0.3018 2.00168 -0.06323
v -0.29334 1.98902 -0.1
v -0.3018 2.00168 -0.13677
v -0.32223 2.03225 -0.152
v -0.34266 2.06283 -0.13677
v -0.35112 2.07549 -0.1
v -0.44689 1.99689 -0.1
v -0.43612 1.98612 -0.06323
v -0.41012 1.96012 -0.048
v -0.38412 1.93412 -0.06323
v -0.37335 1.92335 -0.1
v -0.38412 1.93412 -0.13677
v -0.41012 1.96012 -0.152
v -0.43612 1.98612 -0.13677
v -0.44689 1.99689 -0.1
v -0.52549 1.90112 -0.1
v -0.51283 1.89266 -0.06323
v -0.48225 1.87223 -0.048
v -0.45168 1.8518 -0.06323
v -0.43902 1.84334 -0.1
v -0.45168 1.8518 -0.13677
v -0.48225 1.87223 -0.152
v -0.51283 1.89266 -0.13677
v -0.52549 1.90112 -0.1
v -0.58389 1.79186 -0.1
v -0.56982 1.78603 -0.06323
v -0.53585 1.77196 -0.048
v -0.50188 1.75789 -0.06323
v -0.48781 1.75206 -0.1
v -0.50188 1.75789 -0.13677
v -0.53585 1.77196 -0.152
v -0.56982 1.78603 -0.13677
v -0.58389 1.79186 -0.1
v -0.61986 1.6733 -0.1
v -0.60492 1.67033 -0.06323
v -0.56886 1.66315 -0.048
v -0.53279 1.65598 -0.06323
v -0.51785 1.65301 -0.1
v -0.53279 1.65598 -0.13677
v -0.56886 1.66315 -0.152
v -0.60492 1.67033 -0.13677
v -0.61986 1.6733 -0.1
v -0.632 1.55 -0.1
v -0.61677 1.55 -0.06323
v -0.58 1.55 -0.048
v -0.54323 1.55 -0.06323
v -0.528 1.55 -0.1
v -0.54323 1.55 -0.13677
v -0.58 1.55 -0.152
v -0.61677 1.55 -0.13677
v -0.632 1.55 -0.1
v -0.61986 1.4267 -0.1
v -0.60492 1.42967 -0.06323
v -0.56886 1.43685 -0.048
v -0.53279 1.44402 -0.06323
v -0.51785 1.44699 -0.1
v -0.53279 1.44402 -0.13677
v -0.56886 1.43685 -0.152
v -0.60492 1.42967 -0.13677
v -0.61986 1.4267 -0.1
v -0.58389 1.30814 -0.1
v -0.56982 1.31397 -0.06323
v -0.53585 1.32804 -0.048
v -0.50188 1.34211 -0.06323
v -0.48781 1.34794 -0.1
v -0.50188 1.34211 -0.13677
v -0.53585 1.32804 -0.152
v -0.56982 1.31397 -0.13677
v -0.58389 1.30814 -0.1
v -0.52549 1.19888 -0.1
v -0.51283 1.20734 -0.06323
v -0.48225 1.22777 -0.048
v -0.45168 1.2482 -0.06323
v -0.43902 1.25666 -0.1
v -0.45168 1.2482 -0.13677
v -0.48225 1.22777 -0.152
v -0.51283 1.20734 -0.13677
v -0.52549 1.19888 -0.1
v -0.44689 1.10311 -0.1
v -0.43612 1.11388 -0.06323
v -0.41012 1.13988 -0.048
v -0.38412 1.16588 -0.06323
v -0.37335 1.17665 -0.1
v -0.38412 1.16588 -0.13677
v -0.41012 1.13988 -0.152
v -0.43612 1.11388 -0.13677
v -0.44689 1.10311 -0.1
v -0.35112 1.02451 -0.1
v -0.34266 1.03717 -0.06323
v -0.32223 1.06775 -0.048
v -0.3018 1.09832 -0.06323
v -0.29334 1.11098 -0.1
v -0.3018 1.09832 -0.13677
v -0.32223 1.06775 -0.152
v -0.34266 1.03717 -0.13677
v -0.35112 1.02451 -0.1
v -0.24186 0.96611 -0.1
v -0.23603 0.98018 -0.06323
v -0.22196 1.01415 -0.048
v -0.20789 1.04812 -0.06323
v -0.20206 1.06219 -0.1
v -0.20789 1.04812 -0.13677
v -0.22196 1.01415 -0.152
v -0.23603 0.98018 -0.13677
v -0.24186 0.96611 -0.1
v -0.1233 0.93014 -0.1
v -0.12033 0.94508 -0.06323
v -0.11315 0.98114 -0.048
v -0.10598 1.01721 -0.06323
v -0.10301 1.03215 -0.1
v -0.10598 1.01721 -0.13677
v -0.11315 0.98114 -0.152
v -0.12033 0.94508 -0.13677
v -0.1233 0.93014 -0.1
v 0 0.918 -0.1
v 0 0.93323 -0.06323
v 0 0.97 -0.048
v 0 1.00677 -0.06323
v 0 1.022 -0.1
v 0 1.00677 -0.13677
v 0 0.97 -0.152
v 0 0.93323 -0.13677
v 0 0.918 -0.1
v 0.1233 0.93014 -0.1
v 0.12033 0.94508 -0.06323
v 0.11315 0.98114 -0.048
v 0.10598 1.01721 -0.06323
v 0.10301 1.03215 -0.1
v 0.10598 1.01721 -0.13677
v 0.11315 0.98114 -0.152
v 0.12033 0.94508 -0.13677
v 0.1233 0.93014 -0.1
v 0.24186 0.96611 -0.1
v 0.23603 0.98018 -0.06323
v 0.22196 1.01415 -0.048
v 0.20789 1.04812 -0.06323
v 0.20206 1.06219 -0.1
v 0.20789 1.04812 -0.13677
v 0.22196 1.01415 -0.152
v 0.23603 0.98018 -0.13677
v 0.24186 0.96611 -0.1
v 0.35112 1.02451 -0.1
v 0.34266 1.03717 -0.06323
v 0.32223 1.06775 -0.048
v 0.3018 1.09832 -0.06323
v 0.29334 1.11098 -0.1
v 0.3018 1.09832 -0.13677
v 0.32223 1.06775 -0.152
v 0.34266 1.03717 -0.13677
v 0.35112 1.02451 -0.1
v 0.44689 1.10311 -0.1
v 0.43612 1.11388 -0.06323
v 0.41012 1.13988 -0.048
v 0.38412 1.16588 -0.06323
v 0.37335 1.17665 -0.1
v 0.38412 1.16588 -0.13677
v 0.41012 1.13988 -0.152
v 0.43612 1.11388 -0.13677
v 0.44689 1.10311 -0.1
v 0.52549 1.19888 -0.1
v 0.51283 1.20734 -0.06323
v 0.48225 1.22777 -0.048
v 0.45168 1.2482 -0.06323
v 0.43902 1.25666 -0.1
v 0.45168 1.2482 -0.13677
v 0.48225 1.22777 -0.152
v 0.51283 1.20734 -0.13677
v 0.52549 1.19888 -0.1
v 0.58389 1.30814 -0.1
v 0.56982 1.31397 -0.06323
v 0.53585 1.32804 -0.048
v 0.50188 1.34211 -0.06323
v 0.48781 1.34794 -0.1
v 0.50188 1.34211 -0.13677
v 0.53585 1.32804 -0.152
v 0.56982 1.31397 -0.13677
v 0.58389 1.30814 -0.1
v 0.61986 1.4267 -0.1
v 0.60492 1.42967 -0.06323
v 0.56886 1.43685 -0.048
v 0.53279 1.44402 -0.06323
v 0.51785 1.44699 -0.1
v 0.53279 1.44402 -0.13677
v 0.56886 1.43685 -0.152
v 0.60492 1.42967 -0.13677
v 0.61986 1.4267 -0.1
v 0.632 1.55 -0.1
v 0.61677 1.55 -0.06323
v 0.58 1.55 -0.048
v 0.54323 1.55 -0.06323
v 0.528 1.55 -0.1
v 0.54323 1.55 -0.13677
v 0.58 1.55 -0.152
v 0.61677 1.55 -0.13677
v 0.632 1.55 -0.1
v -0.09 0.62 -0.44
v 0.09 0.62 -0.44
v 0.09 0.62 -0.28
v -0.09 0.62 -0.28
v 0 1.4 -0.36
vt 0 0
vt 0.0625 0
vt 0.0625 1
vt 0 1
vt 0.0625 0
vt 0.125 0
vt 0.125 1
vt 0.0625 1
vt 0.125 0
vt 0.1875 0
vt 0.1875 1
vt 0.125 1
vt 0.1875 0
vt 0.25 0
vt 0.25 1
vt 0.1875 1
vt 0.25 0
vt 0.3125 0
vt 0.3125 1
vt 0.25 1
vt 0.3125 0
vt 0.375 0
vt 0.375 1
vt 0.3125 1
vt 0.375 0
vt 0.4375 0
vt 0.4375 1
vt 0.375 1
vt 0.4375 0
vt 0.5 0
vt 0.5 1
vt 0.4375 1
vt 0.5 0
vt 0.5625 0
vt 0.5625 1
vt 0.5 1
vt 0.5625 0
vt 0.625 0
vt 0.625 1
vt 0.5625 1
vt 0.625 0
vt 0.6875 0
vt 0.6875 1
vt 0.625 1
vt 0.6875 0
vt 0.75 0
vt 0.75 1
vt 0.6875 1
vt 0.75 0
vt 0.8125 0
vt 0.8125 1
vt 0.75 1
vt 0.8125 0
vt 0.875 0
vt 0.875 1
vt 0.8125 1
vt 0.875 0
vt 0.9375 0
vt 0.9375 1
vt 0.875 1
vt 0.9375 0
vt 1 0
vt 1 1
vt 0.9375 1
vt 0 0
vt 0.125 0
vt 0.125 1
vt 0 1
vt 0.125 0
vt 0.25 0
vt 0.25 1
vt 0.125 1
vt 0.25 0
vt 0.375 0
vt 0.375 1
vt 0.25 1
vt 0.375 0
vt 0.5 0
vt 0.5 1
vt 0.375 1
vt 0.5 0
vt 0.625 0
vt 0.625 1
vt 0.5 1
vt 0.625 0
vt 0.75 0
vt 0.75 1
vt 0.625 1
vt 0.75 0
vt 0.875 0
vt 0.875 1
vt 0.75 1
vt 0.875 0
vt 1 0
vt 1 1
vt 0.875 1
vt 0 0
vt 0.125 0
vt 0.125 1
vt 0 1
vt 0.125 0
vt 0.25 0
vt 0.25 1
vt 0.125 1
vt 0.25 0
vt 0.375 0
vt 0.375 1
vt 0.25 1
vt 0.375 0
vt 0.5 0
vt 0.5 1
vt 0.375 1
vt 0.5 0
vt 0.625 0
vt 0.625 1
vt 0.5 1
vt 0.625 0
vt 0.75 0
vt 0.75 1
vt 0.625 1
vt 0.75 0
vt 0.875 0
vt 0.875 1
vt 0.75 1
vt 0.875 0
vt 1 0
vt 1 1
vt 0.875 1
vt 0 0
vt 0.0625 0
vt 0.0625 1
vt 0 1
vt 0.0625 0
vt 0.125 0
vt 0.125 1
vt 0.0625 1
vt 0.125 0
vt 0.1875 0
vt 0.1875 1
vt 0.125 1
vt 0.1875 0
vt 0.25 0
vt 0.25 1
vt 0.1875 1
vt 0.25 0
vt 0.3125 0
vt 0.3125 1
vt 0.25 1
vt 0.3125 0
vt 0.375 0
vt 0.375 1
vt 0.3125 1
vt 0.375 0
vt 0.4375 0
vt 0.4375 1
vt 0.375 1
vt 0.4375 0
vt 0.5 0
vt 0.5 1
vt 0.4375 1
vt 0.5 0
vt 0.5625 0
vt 0.5625 1
vt 0.5 1
vt 0.5625 0
vt 0.625 0
vt 0.625 1
vt 0.5625 1
vt 0.625 0
vt 0.6875 0
vt 0.6875 1
vt 0.625 1
vt 0.6875 0
vt 0.75 0
vt 0.75 1
vt 0.6875 1
vt 0.75 0
vt 0.8125 0
vt 0.8125 1
vt 0.75 1
vt 0.8125 0
vt 0.875 0
vt 0.875 1
vt 0.8125 1
vt 0.875 0
vt 0.9375 0
vt 0.9375 1
vt 0.875 1
vt 0.9375 0
vt 1 0
vt 1 1
vt 0.9375 1
vt 0 0
vt 0.0625 0
vt 0.0625 1
vt 0 1
vt 0.0625 0
vt 0.125 0
vt 0.125 1
vt 0.0625 1
vt 0.125 0
vt 0.1875 0
vt 0.1875 1
vt 0.125 1
vt 0.1875 0
vt 0.25 0
vt 0.25 1
vt 0.1875 1
vt 0.25 0
vt 0.3125 0
vt 0.3125 1
vt 0.25 1
vt 0.3125 0
vt 0.375 0
vt 0.375 1
vt 0.3125 1
vt 0.375 0
vt 0.4375 0
vt 0.4375 1
vt 0.375 1
vt 0.4375 0
vt 0.5 0
vt 0.5 1
vt 0.4375 1
vt 0.5 0
vt 0.5625 0
vt 0.5625 1
vt 0.5 1
vt 0.5625 0
vt 0.625 0
vt 0.625 1
vt 0.5625 1
vt 0.625 0
vt 0.6875 0
vt 0.6875 1
vt 0.625 1
vt 0.6875 0
vt 0.75 0
vt 0.75 1
vt 0.6875 1
vt 0.75 0
vt 0.8125 0
vt 0.8125 1
vt 0.75 1
vt 0.8125 0
vt 0.875 0
vt 0.875 1
vt 0.8125 1
vt 0.875 0
vt 0.9375 0
vt 0.9375 1
vt 0.875 1
vt 0.9375 0
vt 1 0
vt 1 1
vt 0.9375 1
vt 0 0
vt 0.0625 0
vt 0.0625 1
vt 0 1
vt 0.0625 0
vt 0.125 0
vt 0.125 1
vt 0.0625 1
vt 0.125 0
vt 0.1875 0
vt 0.1875 1
vt 0.125 1
vt 0.1875 0
vt 0.25 0
vt 0.25 1
vt 0.1875 1
vt 0.25 0
vt 0.3125 0
vt 0.3125 1
vt 0.25 1
vt 0.3125 0
vt 0.375 0
vt 0.375 1
vt 0.3125 1
vt 0.375 0
vt 0.4375 0
vt 0.4375 1
vt 0.375 1
vt 0.4375 0
vt 0.5 0
vt 0.5 1
vt 0.4375 1
vt 0.5 0
vt 0.5625 0
vt 0.5625 1
vt 0.5 1
vt 0.5625 0
vt 0.625 0
vt 0.625 1
vt 0.5625 1
vt 0.625 0
vt 0.6875 0
vt 0.6875 1
vt 0.625 1
vt 0.6875 0
vt 0.75 0
vt 0.75 1
vt 0.6875 1
vt 0.75 0
vt 0.8125 0
vt 0.8125 1
vt 0.75 1
vt 0.8125 0
vt 0.875 0
vt 0.875 1
vt 0.8125 1
vt 0.875 0
vt 0.9375 0
vt 0.9375 1
vt 0.875 1
vt 0.9375 0
vt 1 0
vt 1 1
vt 0.9375 1
vt 0 0
vt 0.0625 0
vt 0.0625 1
vt 0 1
vt 0.0625 0
vt 0.125 0
vt 0.125 1
vt 0.0625 1
vt 0.125 0
vt 0.1875 0
vt 0.1875 1
vt 0.125 1
vt 0.1875 0
vt 0.25 0
vt 0.25 1
vt 0.1875 1
vt 0.25 0
vt 0.3125 0
vt 0.3125 1
vt 0.25 1
vt 0.3125 0
vt 0.375 0
vt 0.375 1
vt 0.3125 1
vt 0.375 0
vt 0.4375 0
vt 0.4375 1
vt 0.375 1
vt 0.4375 0
vt 0.5 0
vt 0.5 1
vt 0.4375 1
vt 0.5 0
vt 0.5625 0
vt 0.5625 1
vt 0.5 1
vt 0.5625 0
vt 0.625 0
vt 0.625 1
vt 0.5625 1
vt 0.625 0
vt 0.6875 0
vt 0.6875 1
vt 0.625 1
vt 0.6875 0
vt 0.75 0
vt 0.75 1
vt 0.6875 1
vt 0.75 0
vt 0.8125 0
vt 0.8125 1
vt 0.75 1
vt 0.8125 0
vt 0.875 0
vt 0.875 1
vt 0.8125 1
vt 0.875 0
vt 0.9375 0
vt 0.9375 1
vt 0.875 1
vt 0.9375 0
vt 1 0
vt 1 1
vt 0.9375 1
vt 0 0
vt 0.0625 0
vt 0.0625 1
vt 0 1
vt 0.0625 0
vt 0.125 0
vt 0.125 1
vt 0.0625 1
vt 0.125 0
vt 0.1875 0
vt 0.1875 1
vt 0.125 1
vt 0.1875 0
vt 0.25 0
vt 0.25 1
vt 0.1875 1
vt 0.25 0
vt 0.3125 0
vt 0.3125 1
vt 0.25 1
vt 0.3125 0
vt 0.375 0
vt 0.375 1
vt 0.3125 1
vt 0.375 0
vt 0.4375 0
vt 0.4375 1
vt 0.375 1
vt 0.4375 0
vt 0.5 0
vt 0.5 1
vt 0.4375 1
vt 0.5 0
vt 0.5625 0
vt 0.5625 1
vt 0.5 1
vt 0.5625 0
vt 0.625 0
vt 0.625 1
vt 0.5625 1
vt 0.625 0
vt 0.6875 0
vt 0.6875 1
vt 0.625 1
vt 0.6875 0
vt 0.75 0
vt 0.75 1
vt 0.6875 1
vt 0.75 0
vt 0.8125 0
vt 0.8125 1
vt 0.75 1
vt 0.8125 0
vt 0.875 0
vt 0.875 1
vt 0.8125 1
vt 0.875 0
vt 0.9375 0
vt 0.9375 1
vt 0.875 1
vt 0.9375 0
vt 1 0
vt 1 1
vt 0.9375 1
vt 0 0
vt 0.0625 0
vt 0.0625 1
vt 0 1
vt 0.0625 0
vt 0.125 0
vt 0.125 1
vt 0.0625 1
vt 0.125 0
vt 0.1875 0
vt 0.1875 1
vt 0.125 1
vt 0.1875 0
vt 0.25 0
vt 0.25 1
vt 0.1875 1
vt 0.25 0
vt 0.3125 0
vt 0.3125 1
vt 0.25 1
vt 0.3125 0
vt 0.375 0
vt 0.375 1
vt 0.3125 1
vt 0.375 0
vt 0.4375 0
vt 0.4375 1
vt 0.375 1
vt 0.4375 0
vt 0.5 0
vt 0.5 1
vt 0.4375 1
vt 0.5 0
vt 0.5625 0
vt 0.5625 1
vt 0.5 1
vt 0.5625 0
vt 0.625 0
vt 0.625 1
vt 0.5625 1
vt 0.625 0
vt 0.6875 0
vt 0.6875 1
vt 0.625 1
vt 0.6875 0
vt 0.75 0
vt 0.75 1
vt 0.6875 1
vt 0.75 0
vt 0.8125 0
vt 0.8125 1
vt 0.75 1
vt 0.8125 0
vt 0.875 0
vt 0.875 1
vt 0.8125 1
vt 0.875 0
vt 0.9375 0
vt 0.9375 1
vt 0.875 1
vt 0.9375 0
vt 1 0
vt 1 1
vt 0.9375 1
vt 0 0
vt 0.0625 0
vt 0.0625 1
vt 0 1
vt 0.0625 0
vt 0.125 0
vt 0.125 1
vt 0.0625 1
vt 0.125 0
vt 0.1875 0
vt 0.1875 1
vt 0.125 1
vt 0.1875 0
vt 0.25 0
vt 0.25 1
vt 0.1875 1
vt 0.25 0
vt 0.3125 0
vt 0.3125 1
vt 0.25 1
vt 0.3125 0
vt 0.375 0
vt 0.375 1
vt 0.3125 1
vt 0.375 0
vt 0.4375 0
vt 0.4375 1
vt 0.375 1
vt 0.4375 0
vt 0.5 0
vt 0.5 1
vt 0.4375 1
vt 0.5 0
vt 0.5625 0
vt 0.5625 1
vt 0.5 1
vt 0.5625 0
vt 0.625 0
vt 0.625 1
vt 0.5625 1
vt 0.625 0
vt 0.6875 0
vt 0.6875 1
vt 0.625 1
vt 0.6875 0
vt 0.75 0
vt 0.75 1
vt 0.6875 1
vt 0.75 0
vt 0.8125 0
vt 0.8125 1
vt 0.75 1
vt 0.8125 0
vt 0.875 0
vt 0.875 1
vt 0.8125 1
vt 0.875 0
vt 0.9375 0
vt 0.9375 1
vt 0.875 1
vt 0.9375 0
vt 1 0
vt 1 1
vt 0.9375 1
vt 0 0
vt 0.0625 0
vt 0.0625 1
vt 0 1
vt 0.0625 0
vt 0.125 0
vt 0.125 1
vt 0.0625 1
vt 0.125 0
vt 0.1875 0
vt 0.1875 1
vt 0.125 1
vt 0.1875 0
vt 0.25 0
vt 0.25 1
vt 0.1875 1
vt 0.25 0
vt 0.3125 0
vt 0.3125 1
vt 0.25 1
vt 0.3125 0
vt 0.375 0
vt 0.375 1
vt 0.3125 1
vt 0.375 0
vt 0.4375 0
vt 0.4375 1
vt 0.375 1
vt 0.4375 0
vt 0.5 0
vt 0.5 1
vt 0.4375 1
vt 0.5 0
vt 0.5625 0
vt 0.5625 1
vt 0.5 1
vt 0.5625 0
vt 0.625 0
vt 0.625 1
vt 0.5625 1
vt 0.625 0
vt 0.6875 0
vt 0.6875 1
vt 0.625 1
vt 0.6875 0
vt 0.75 0
vt 0.75 1
vt 0.6875 1
vt 0.75 0
vt 0.8125 0
vt 0.8125 1
vt 0.75 1
vt 0.8125 0
vt 0.875 0
vt 0.875 1
vt 0.8125 1
vt 0.875 0
vt 0.9375 0
vt 0.9375 1
vt 0.875 1
vt 0.9375 0
vt 1 0
vt 1 1
vt 0.9375 1
vt 0 0
vt 0.0625 0
vt 0.0625 1
vt 0 1
vt 0.0625 0
vt 0.125 0
vt 0.125 1
vt 0.0625 1
vt 0.125 0
vt 0.1875 0
vt 0.1875 1
vt 0.125 1
vt 0.1875 0
vt 0.25 0
vt 0.25 1
vt 0.1875 1
vt 0.25 0
vt 0.3125 0
vt 0.3125 1
vt 0.25 1
vt 0.3125 0
vt 0.375 0
vt 0.375 1
vt 0.3125 1
vt 0.375 0
vt 0.4375 0
vt 0.4375 1
vt 0.375 1
vt 0.4375 0
vt 0.5 0
vt 0.5 1
vt 0.4375 1
vt 0.5 0
vt 0.5625 0
vt 0.5625 1
vt 0.5 1
vt 0.5625 0
vt 0.625 0
vt 0.625 1
vt 0.5625 1
vt 0.625 0
vt 0.6875 0
vt 0.6875 1
vt 0.625 1
vt 0.6875 0
vt 0.75 0
vt 0.75 1
vt 0.6875 1
vt 0.75 0
vt 0.8125 0
vt 0.8125 1
vt 0.75 1
vt 0.8125 0
vt 0.875 0
vt 0.875 1
vt 0.8125 1
vt 0.875 0
vt 0.9375 0
vt 0.9375 1
vt 0.875 1
vt 0.9375 0
vt 1 0
vt 1 1
vt 0.9375 1
vt 0 0
vt 0.0625 0
vt 0.0625 1
vt 0 1
vt 0.0625 0
vt 0.125 0
vt 0.125 1
vt 0.0625 1
vt 0.125 0
vt 0.1875 0
vt 0.1875 1
vt 0.125 1
vt 0.1875 0
vt 0.25 0
vt 0.25 1
vt 0.1875 1
vt 0.25 0
vt 0.3125 0
vt 0.3125 1
vt 0.25 1
vt 0.3125 0
vt 0.375 0
vt 0.375 1
vt 0.3125 1
vt 0.375 0
vt 0.4375 0
vt 0.4375 1
vt 0.375 1
vt 0.4375 0
vt 0.5 0
vt 0.5 1
vt 0.4375 1
vt 0.5 0
vt 0.5625 0
vt 0.5625 1
vt 0.5 1
vt 0.5625 0
vt 0.625 0
vt 0.625 1
vt 0.5625 1
vt 0.625 0
vt 0.6875 0
vt 0.6875 1
vt 0.625 1
vt 0.6875 0
vt 0.75 0
vt 0.75 1
vt 0.6875 1
vt 0.75 0
vt 0.8125 0
vt 0.8125 1
vt 0.75 1
vt 0.8125 0
vt 0.875 0
vt 0.875 1
vt 0.8125 1
vt 0.875 0
vt 0.9375 0
vt 0.9375 1
vt 0.875 1
vt 0.9375 0
vt 1 0
vt 1 1
vt 0.9375 1
vt 0 0
vt 1 0
vt 1 1
vt 0 1
vt 0.5 1
vt 0 0
vt 1 0
vt 1 1
vt 0 1
vt 0.5 1
vt 0 0
vt 1 0
vt 1 1
vt 0 1
vt 0.5 1
vt 0 0
vt 1 0
vt 1 1
vt 0 1
vt 0.5 1
vt 0 0
vt 1 0
vt 1 1
vt 0 1
vt 0.5 1
vt 0 0
vt 1 0
vt 1 1
vt 0 1
vt 0.5 1
vt 0.35833 0.68293
vt 0.3 0.77439
vt 0.375 0.8439
vt 0.5 0.97317
vt 0.625 0.8439
vt 0.7 0.77439
vt 0.64167 0.68293
vt 0.45625 0.70244
vt 0.44167 0.79878
vt 0.5 0.91463
vt 0.55833 0.79878
vt 0.54375 0.70244
vt 0.425 0.69268
vt 0.40833 0.81098
vt 0.5 0.94268
vt 0.475 0.90488
vt 0.44167 0.79878
vt 0.45625 0.70244
vt 0.575 0.69268
vt 0.54375 0.70244
vt 0.55833 0.79878
vt 0.525 0.90488
vt 0.5 0.94268
vt 0.59167 0.81098
vt 0.38333 0.6122
vt 0.15833 0.62195
vt 0.07083 0.67073
vt 0.11667 0.79756
vt 0.2 0.8378
vt 0.2375 0.71585
vt 0.30417 0.6561
vt 0.61667 0.6122
vt 0.84167 0.62195
vt 0.92917 0.67073
vt 0.88333 0.79756
vt 0.8 0.8378
vt 0.7625 0.71585
vt 0.69583 0.6561
vt 0.36667 0.63659
vt 0.22083 0.65244
vt 0.175 0.69268
vt 0.20417 0.77317
vt 0.23333 0.78902
vt 0.2625 0.7061
vt 0.33333 0.66829
vt 0.63333 0.63659
vt 0.77917 0.65244
vt 0.825 0.69268
vt 0.79583 0.77317
vt 0.76667 0.78902
vt 0.7375 0.7061
vt 0.66667 0.66829
vt 0.17917 0.61951
vt 0.24167 0.57561
vt 0.375 0.5561
vt 0.5 0.56707
vt 0.625 0.5561
vt 0.75833 0.57561
vt 0.82083 0.61951
vt 0.6875 0.60854
vt 0.60417 0.59268
vt 0.5 0.6
vt 0.39583 0.59268
vt 0.3125 0.60854
vt 0 1
vt 0.04167 1
vt 0.08333 1
vt 0.125 1
vt 0.16667 1
vt 0.20833 1
vt 0.25 1
vt 0.29167 1
vt 0.33333 1
vt 0.375 1
vt 0.41667 1
vt 0.45833 1
vt 0.5 1
vt 0.54167 1
vt 0.58333 1
vt 0.625 1
vt 0.66667 1
vt 0.70833 1
vt 0.75 1
vt 0.79167 1
vt 0.83333 1
vt 0.875 1
vt 0.91667 1
vt 0.95833 1
vt 1 1
vt 0 0.91667
vt 0.04167 0.91667
vt 0.08333 0.91667
vt 0.125 0.91667
vt 0.16667 0.91667
vt 0.20833 0.91667
vt 0.25 0.91667
vt 0.29167 0.91667
vt 0.33333 0.91667
vt 0.375 0.91667
vt 0.41667 0.91667
vt 0.45833 0.91667
vt 0.5 0.91667
vt 0.54167 0.91667
vt 0.58333 0.91667
vt 0.625 0.91667
vt 0.66667 0.91667
vt 0.70833 0.91667
vt 0.75 0.91667
vt 0.79167 0.91667
vt 0.83333 0.91667
vt 0.875 0.91667
vt 0.91667 0.91667
vt 0.95833 0.91667
vt 1 0.91667
vt 0 0.83333
vt 0.04167 0.83333
vt 0.08333 0.83333
vt 0.125 0.83333
vt 0.16667 0.83333
vt 0.20833 0.83333
vt 0.25 0.83333
vt 0.29167 0.83333
vt 0.33333 0.83333
vt 0.375 0.83333
vt 0.41667 0.83333
vt 0.45833 0.83333
vt 0.5 0.83333
vt 0.54167 0.83333
vt 0.58333 0.83333
vt 0.625 0.83333
vt 0.66667 0.83333
vt 0.70833 0.83333
vt 0.75 0.83333
vt 0.79167 0.83333
vt 0.83333 0.83333
vt 0.875 0.83333
vt 0.91667 0.83333
vt 0.95833 0.83333
vt 1 0.83333
vt 0 0.75
vt 0.04167 0.75
vt 0.08333 0.75
vt 0.125 0.75
vt 0.16667 0.75
vt 0.20833 0.75
vt 0.25 0.75
vt 0.29167 0.75
vt 0.33333 0.75
vt 0.375 0.75
vt 0.41667 0.75
vt 0.45833 0.75
vt 0.5 0.75
vt 0.54167 0.75
vt 0.58333 0.75
vt 0.625 0.75
vt 0.66667 0.75
vt 0.70833 0.75
vt 0.75 0.75
vt 0.79167 0.75
vt 0.83333 0.75
vt 0.875 0.75
vt 0.91667 0.75
vt 0.95833 0.75
vt 1 0.75
vt 0 0.66667
vt 0.04167 0.66667
vt 0.08333 0.66667
vt 0.125 0.66667
vt 0.16667 0.66667
vt 0.20833 0.66667
vt 0.25 0.66667
vt 0.29167 0.66667
vt 0.33333 0.66667
vt 0.375 0.66667
vt 0.41667 0.66667
vt 0.45833 0.66667
vt 0.5 0.66667
vt 0.54167 0.66667
vt 0.58333 0.66667
vt 0.625 0.66667
vt 0.66667 0.66667
vt 0.70833 0.66667
vt 0.75 0.66667
vt 0.79167 0.66667
vt 0.83333 0.66667
vt 0.875 0.66667
vt 0.91667 0.66667
vt 0.95833 0.66667
vt 1 0.66667
vt 0 0.58333
vt 0.04167 0.58333
vt 0.08333 0.58333
vt 0.125 0.58333
vt 0.16667 0.58333
vt 0.20833 0.58333
vt 0.25 0.58333
vt 0.29167 0.58333
vt 0.33333 0.58333
vt 0.375 0.58333
vt 0.41667 0.58333
vt 0.45833 0.58333
vt 0.5 0.58333
vt 0.54167 0.58333
vt 0.58333 0.58333
vt 0.625 0.58333
vt 0.66667 0.58333
vt 0.70833 0.58333
vt 0.75 0.58333
vt 0.79167 0.58333
vt 0.83333 0.58333
vt 0.875 0.58333
vt 0.91667 0.58333
vt 0.95833 0.58333
vt 1 0.58333
vt 0 0.5
vt 0.04167 0.5
vt 0.08333 0.5
vt 0.125 0.5
vt 0.16667 0.5
vt 0.20833 0.5
vt 0.25 0.5
vt 0.29167 0.5
vt 0.33333 0.5
vt 0.375 0.5
vt 0.41667 0.5
vt 0.45833 0.5
vt 0.5 0.5
vt 0.54167 0.5
vt 0.58333 0.5
vt 0.625 0.5
vt 0.66667 0.5
vt 0.70833 0.5
vt 0.75 0.5
vt 0.79167 0.5
vt 0.83333 0.5
vt 0.875 0.5
vt 0.91667 0.5
vt 0.95833 0.5
vt 1 0.5
vt 0 0.41667
vt 0.04167 0.41667
vt 0.08333 0.41667
vt 0.125 0.41667
vt 0.16667 0.41667
vt 0.20833 0.41667
vt 0.25 0.41667
vt 0.29167 0.41667
vt 0.33333 0.41667
vt 0.375 0.41667
vt 0.41667 0.41667
vt 0.45833 0.41667
vt 0.5 0.41667
vt 0.54167 0.41667
vt 0.58333 0.41667
vt 0.625 0.41667
vt 0.66667 0.41667
vt 0.70833 0.41667
vt 0.75 0.41667
vt 0.79167 0.41667
vt 0.83333 0.41667
vt 0.875 0.41667
vt 0.91667 0.41667
vt 0.95833 0.41667
vt 1 0.41667
vt 0 0.33333
vt 0.04167 0.33333
vt 0.08333 0.33333
vt 0.125 0.33333
vt 0.16667 0.33333
vt 0.20833 0.33333
vt 0.25 0.33333
vt 0.29167 0.33333
vt 0.33333 0.33333
vt 0.375 0.33333
vt 0.41667 0.33333
vt 0.45833 0.33333
vt 0.5 0.33333
vt 0.54167 0.33333
vt 0.58333 0.33333
vt 0.625 0.33333
vt 0.66667 0.33333
vt 0.70833 0.33333
vt 0.75 0.33333
vt 0.79167 0.33333
vt 0.83333 0.33333
vt 0.875 0.33333
vt 0.91667 0.33333
vt 0.95833 0.33333
vt 1 0.33333
vt 0 0.25
vt 0.04167 0.25
vt 0.08333 0.25
vt 0.125 0.25
vt 0.16667 0.25
vt 0.20833 0.25
vt 0.25 0.25
vt 0.29167 0.25
vt 0.33333 0.25
vt 0.375 0.25
vt 0.41667 0.25
vt 0.45833 0.25
vt 0.5 0.25
vt 0.54167 0.25
vt 0.58333 0.25
vt 0.625 0.25
vt 0.66667 0.25
vt 0.70833 0.25
vt 0.75 0.25
vt 0.79167 0.25
vt 0.83333 0.25
vt 0.875 0.25
vt 0.91667 0.25
vt 0.95833 0.25
vt 1 0.25
vt 0 0.16667
vt 0.04167 0.16667
vt 0.08333 0.16667
vt 0.125 0.16667
vt 0.16667 0.16667
vt 0.20833 0.16667
vt 0.25 0.16667
vt 0.29167 0.16667
vt 0.33333 0.16667
vt 0.375 0.16667
vt 0.41667 0.16667
vt 0.45833 0.16667
vt 0.5 0.16667
vt 0.54167 0.16667
vt 0.58333 0.16667
vt 0.625 0.16667
vt 0.66667 0.16667
vt 0.70833 0.16667
vt 0.75 0.16667
vt 0.79167 0.16667
vt 0.83333 0.16667
vt 0.875 0.16667
vt 0.91667 0.16667
vt 0.95833 0.16667
vt 1 0.16667
vt 0 0.08333
vt 0.04167 0.08333
vt 0.08333 0.08333
vt 0.125 0.08333
vt 0.16667 0.08333
vt 0.20833 0.08333
vt 0.25 0.08333
vt 0.29167 0.08333
vt 0.33333 0.08333
vt 0.375 0.08333
vt 0.41667 0.08333
vt 0.45833 0.08333
vt 0.5 0.08333
vt 0.54167 0.08333
vt 0.58333 0.08333
vt 0.625 0.08333
vt 0.66667 0.08333
vt 0.70833 0.08333
vt 0.75 0.08333
vt 0.79167 0.08333
vt 0.83333 0.08333
vt 0.875 0.08333
vt 0.91667 0.08333
vt 0.95833 0.08333
vt 1 0.08333
vt 0 0
vt 0.04167 0
vt 0.08333 0
vt 0.125 0
vt 0.16667 0
vt 0.20833 0
vt 0.25 0
vt 0.29167 0
vt 0.33333 0
vt 0.375 0
vt 0.41667 0
vt 0.45833 0
vt 0.5 0
vt 0.54167 0
vt 0.58333 0
vt 0.625 0
vt 0.66667 0
vt 0.70833 0
vt 0.75 0
vt 0.79167 0
vt 0.83333 0
vt 0.875 0
vt 0.91667 0
vt 0.95833 0
vt 1 0
vt 0 1
vt 0.04167 1
vt 0.08333 1
vt 0.125 1
vt 0.16667 1
vt 0.20833 1
vt 0.25 1
vt 0.29167 1
vt 0.33333 1
vt 0.375 1
vt 0.41667 1
vt 0.45833 1
vt 0.5 1
vt 0.54167 1
vt 0.58333 1
vt 0.625 1
vt 0.66667 1
vt 0.70833 1
vt 0.75 1
vt 0.79167 1
vt 0.83333 1
vt 0.875 1
vt 0.91667 1
vt 0.95833 1
vt 1 1
vt 0 0.91667
vt 0.04167 0.91667
vt 0.08333 0.91667
vt 0.125 0.91667
vt 0.16667 0.91667
vt 0.20833 0.91667
vt 0.25 0.91667
vt 0.29167 0.91667
vt 0.33333 0.91667
vt 0.375 0.91667
vt 0.41667 0.91667
vt 0.45833 0.91667
vt 0.5 0.91667
vt 0.54167 0.91667
vt 0.58333 0.91667
vt 0.625 0.91667
vt 0.66667 0.91667
vt 0.70833 0.91667
vt 0.75 0.91667
vt 0.79167 0.91667
vt 0.83333 0.91667
vt 0.875 0.91667
vt 0.91667 0.91667
vt 0.95833 0.91667
vt 1 0.91667
vt 0 0.83333
vt 0.04167 0.83333
vt 0.08333 0.83333
vt 0.125 0.83333
vt 0.16667 0.83333
vt 0.20833 0.83333
vt 0.25 0.83333
vt 0.29167 0.83333
vt 0.33333 0.83333
vt 0.375 0.83333
vt 0.41667 0.83333
vt 0.45833 0.83333
vt 0.5 0.83333
vt 0.54167 0.83333
vt 0.58333 0.83333
vt 0.625 0.83333
vt 0.66667 0.83333
vt 0.70833 0.83333
vt 0.75 0.83333
vt 0.79167 0.83333
vt 0.83333 0.83333
vt 0.875 0.83333
vt 0.91667 0.83333
vt 0.95833 0.83333
vt 1 0.83333
vt 0 0.75
vt 0.04167 0.75
vt 0.08333 0.75
vt 0.125 0.75
vt 0.16667 0.75
vt 0.20833 0.75
vt 0.25 0.75
vt 0.29167 0.75
vt 0.33333 0.75
vt 0.375 0.75
vt 0.41667 0.75
vt 0.45833 0.75
vt 0.5 0.75
vt 0.54167 0.75
vt 0.58333 0.75
vt 0.625 0.75
vt 0.66667 0.75
vt 0.70833 0.75
vt 0.75 0.75
vt 0.79167 0.75
vt 0.83333 0.75
vt 0.875 0.75
vt 0.91667 0.75
vt 0.95833 0.75
vt 1 0.75
vt 0 0.66667
vt 0.04167 0.66667
vt 0.08333 0.66667
vt 0.125 0.66667
vt 0.16667 0.66667
vt 0.20833 0.66667
vt 0.25 0.66667
vt 0.29167 0.66667
vt 0.33333 0.66667
vt 0.375 0.66667
vt 0.41667 0.66667
vt 0.45833 0.66667
vt 0.5 0.66667
vt 0.54167 0.66667
vt 0.58333 0.66667
vt 0.625 0.66667
vt 0.66667 0.66667
vt 0.70833 0.66667
vt 0.75 0.66667
vt 0.79167 0.66667
vt 0.83333 0.66667
vt 0.875 0.66667
vt 0.91667 0.66667
vt 0.95833 0.66667
vt 1 0.66667
vt 0 0.58333
vt 0.04167 0.58333
vt 0.08333 0.58333
vt 0.125 0.58333
vt 0.16667 0.58333
vt 0.20833 0.58333
vt 0.25 0.58333
vt 0.29167 0.58333
vt 0.33333 0.58333
vt 0.375 0.58333
vt 0.41667 0.58333
vt 0.45833 0.58333
vt 0.5 0.58333
vt 0.54167 0.58333
vt 0.58333 0.58333
vt 0.625 0.58333
vt 0.66667 0.58333
vt 0.70833 0.58333
vt 0.75 0.58333
vt 0.79167 0.58333
vt 0.83333 0.58333
vt 0.875 0.58333
vt 0.91667 0.58333
vt 0.95833 0.58333
vt 1 0.58333
vt 0 0.5
vt 0.04167 0.5
vt 0.08333 0.5
vt 0.125 0.5
vt 0.16667 0.5
vt 0.20833 0.5
vt 0.25 0.5
vt 0.29167 0.5
vt 0.33333 0.5
vt 0.375 0.5
vt 0.41667 0.5
vt 0.45833 0.5
vt 0.5 0.5
vt 0.54167 0.5
vt 0.58333 0.5
vt 0.625 0.5
vt 0.66667 0.5
vt 0.70833 0.5
vt 0.75 0.5
vt 0.79167 0.5
vt 0.83333 0.5
vt 0.875 0.5
vt 0.91667 0.5
vt 0.95833 0.5
vt 1 0.5
vt 0 0.41667
vt 0.04167 0.41667
vt 0.08333 0.41667
vt 0.125 0.41667
vt 0.16667 0.41667
vt 0.20833 0.41667
vt 0.25 0.41667
vt 0.29167 0.41667
vt 0.33333 0.41667
vt 0.375 0.41667
vt 0.41667 0.41667
vt 0.45833 0.41667
vt 0.5 0.41667
vt 0.54167 0.41667
vt 0.58333 0.41667
vt 0.625 0.41667
vt 0.66667 0.41667
vt 0.70833 0.41667
vt 0.75 0.41667
vt 0.79167 0.41667
vt 0.83333 0.41667
vt 0.875 0.41667
vt 0.91667 0.41667
vt 0.95833 0.41667
vt 1 0.41667
vt 0 0.33333
vt 0.04167 0.33333
vt 0.08333 0.33333
vt 0.125 0.33333
vt 0.16667 0.33333
vt 0.20833 0.33333
vt 0.25 0.33333
vt 0.29167 0.33333
vt 0.33333 0.33333
vt 0.375 0.33333
vt 0.41667 0.33333
vt 0.45833 0.33333
vt 0.5 0.33333
vt 0.54167 0.33333
vt 0.58333 0.33333
vt 0.625 0.33333
vt 0.66667 0.33333
vt 0.70833 0.33333
vt 0.75 0.33333
vt 0.79167 0.33333
vt 0.83333 0.33333
vt 0.875 0.33333
vt 0.91667 0.33333
vt 0.95833 0.33333
vt 1 0.33333
vt 0 0.25
vt 0.04167 0.25
vt 0.08333 0.25
vt 0.125 0.25
vt 0.16667 0.25
vt 0.20833 0.25
vt 0.25 0.25
vt 0.29167 0.25
vt 0.33333 0.25
vt 0.375 0.25
vt 0.41667 0.25
vt 0.45833 0.25
vt 0.5 0.25
vt 0.54167 0.25
vt 0.58333 0.25
vt 0.625 0.25
vt 0.66667 0.25
vt 0.70833 0.25
vt 0.75 0.25
vt 0.79167 0.25
vt 0.83333 0.25
vt 0.875 0.25
vt 0.91667 0.25
vt 0.95833 0.25
vt 1 0.25
vt 0 0.16667
vt 0.04167 0.16667
vt 0.08333 0.16667
vt 0.125 0.16667
vt 0.16667 0.16667
vt 0.20833 0.16667
vt 0.25 0.16667
vt 0.29167 0.16667
vt 0.33333 0.16667
vt 0.375 0.16667
vt 0.41667 0.16667
vt 0.45833 0.16667
vt 0.5 0.16667
vt 0.54167 0.16667
vt 0.58333 0.16667
vt 0.625 0.16667
vt 0.66667 0.16667
vt 0.70833 0.16667
vt 0.75 0.16667
vt 0.79167 0.16667
vt 0.83333 0.16667
vt 0.875 0.16667
vt 0.91667 0.16667
vt 0.95833 0.16667
vt 1 0.16667
vt 0 0.08333
vt 0.04167 0.08333
vt 0.08333 0.08333
vt 0.125 0.08333
vt 0.16667 0.08333
vt 0.20833 0.08333
vt 0.25 0.08333
vt 0.29167 0.08333
vt 0.33333 0.08333
vt 0.375 0.08333
vt 0.41667 0.08333
vt 0.45833 0.08333
vt 0.5 0.08333
vt 0.54167 0.08333
vt 0.58333 0.08333
vt 0.625 0.08333
vt 0.66667 0.08333
vt 0.70833 0.08333
vt 0.75 0.08333
vt 0.79167 0.08333
vt 0.83333 0.08333
vt 0.875 0.08333
vt 0.91667 0.08333
vt 0.95833 0.08333
vt 1 0.08333
vt 0 0
vt 0.04167 0
vt 0.08333 0
vt 0.125 0
vt 0.16667 0
vt 0.20833 0
vt 0.25 0
vt 0.29167 0
vt 0.33333 0
vt 0.375 0
vt 0.41667 0
vt 0.45833 0
vt 0.5 0
vt 0.54167 0
vt 0.58333 0
vt 0.625 0
vt 0.66667 0
vt 0.70833 0
vt 0.75 0
vt 0.79167 0
vt 0.83333 0
vt 0.875 0
vt 0.91667 0
vt 0.95833 0
vt 1 0
vt 0 0
vt 0 0.125
vt 0 0.25
vt 0 0.375
vt 0 0.5
vt 0 0.625
vt 0 0.75
vt 0 0.875
vt 0 1
vt 0.03125 0
vt 0.03125 0.125
vt 0.03125 0.25
vt 0.03125 0.375
vt 0.03125 0.5
vt 0.03125 0.625
vt 0.03125 0.75
vt 0.03125 0.875
vt 0.03125 1
vt 0.0625 0
vt 0.0625 0.125
vt 0.0625 0.25
vt 0.0625 0.375
vt 0.0625 0.5
vt 0.0625 0.625
vt 0.0625 0.75
vt 0.0625 0.875
vt 0.0625 1
vt 0.09375 0
vt 0.09375 0.125
vt 0.09375 0.25
vt 0.09375 0.375
vt 0.09375 0.5
vt 0.09375 0.625
vt 0.09375 0.75
vt 0.09375 0.875
vt 0.09375 1
vt 0.125 0
vt 0.125 0.125
vt 0.125 0.25
vt 0.125 0.375
vt 0.125 0.5
vt 0.125 0.625
vt 0.125 0.75
vt 0.125 0.875
vt 0.125 1
vt 0.15625 0
vt 0.15625 0.125
vt 0.15625 0.25
vt 0.15625 0.375
vt 0.15625 0.5
vt 0.15625 0.625
vt 0.15625 0.75
vt 0.15625 0.875
vt 0.15625 1
vt 0.1875 0
vt 0.1875 0.125
vt 0.1875 0.25
vt 0.1875 0.375
vt 0.1875 0.5
vt 0.1875 0.625
vt 0.1875 0.75
vt 0.1875 0.875
vt 0.1875 1
vt 0.21875 0
vt 0.21875 0.125
vt 0.21875 0.25
vt 0.21875 0.375
vt 0.21875 0.5
vt 0.21875 0.625
vt 0.21875 0.75
vt 0.21875 0.875
vt 0.21875 1
vt 0.25 0
vt 0.25 0.125
vt 0.25 0.25
vt 0.25 0.375
vt 0.25 0.5
vt 0.25 0.625
vt 0.25 0.75
vt 0.25 0.875
vt 0.25 1
vt 0.28125 0
vt 0.28125 0.125
vt 0.28125 0.25
vt 0.28125 0.375
vt 0.28125 0.5
vt 0.28125 0.625
vt 0.28125 0.75
vt 0.28125 0.875
vt 0.28125 1
vt 0.3125 0
vt 0.3125 0.125
vt 0.3125 0.25
vt 0.3125 0.375
vt 0.3125 0.5
vt 0.3125 0.625
vt 0.3125 0.75
vt 0.3125 0.875
vt 0.3125 1
vt 0.34375 0
vt 0.34375 0.125
vt 0.34375 0.25
vt 0.34375 0.375
vt 0.34375 0.5
vt 0.34375 0.625
vt 0.34375 0.75
vt 0.34375 0.875
vt 0.34375 1
vt 0.375 0
vt 0.375 0.125
vt 0.375 0.25
vt 0.375 0.375
vt 0.375 0.5
vt 0.375 0.625
vt 0.375 0.75
vt 0.375 0.875
vt 0.375 1
vt 0.40625 0
vt 0.40625 0.125
vt 0.40625 0.25
vt 0.40625 0.375
vt 0.40625 0.5
vt 0.40625 0.625
vt 0.40625 0.75
vt 0.40625 0.875
vt 0.40625 1
vt 0.4375 0
vt 0.4375 0.125
vt 0.4375 0.25
vt 0.4375 0.375
vt 0.4375 0.5
vt 0.4375 0.625
vt 0.4375 0.75
vt 0.4375 0.875
vt 0.4375 1
vt 0.46875 0
vt 0.46875 0.125
vt 0.46875 0.25
vt 0.46875 0.375
vt 0.46875 0.5
vt 0.46875 0.625
vt 0.46875 0.75
vt 0.46875 0.875
vt 0.46875 1
vt 0.5 0
vt 0.5 0.125
vt 0.5 0.25
vt 0.5 0.375
vt 0.5 0.5
vt 0.5 0.625
vt 0.5 0.75
vt 0.5 0.875
vt 0.5 1
vt 0.53125 0
vt 0.53125 0.125
vt 0.53125 0.25
vt 0.53125 0.375
vt 0.53125 0.5
vt 0.53125 0.625
vt 0.53125 0.75
vt 0.53125 0.875
vt 0.53125 1
vt 0.5625 0
vt 0.5625 0.125
vt 0.5625 0.25
vt 0.5625 0.375
vt 0.5625 0.5
vt 0.5625 0.625
vt 0.5625 0.75
vt 0.5625 0.875
vt 0.5625 1
vt 0.59375 0
vt 0.59375 0.125
vt 0.59375 0.25
vt 0.59375 0.375
vt 0.59375 0.5
vt 0.59375 0.625
vt 0.59375 0.75
vt 0.59375 0.875
vt 0.59375 1
vt 0.625 0
vt 0.625 0.125
vt 0.625 0.25
vt 0.625 0.375
vt 0.625 0.5
vt 0.625 0.625
vt 0.625 0.75
vt 0.625 0.875
vt 0.625 1
vt 0.65625 0
vt 0.65625 0.125
vt 0.65625 0.25
vt 0.65625 0.375
vt 0.65625 0.5
vt 0.65625 0.625
vt 0.65625 0.75
vt 0.65625 0.875
vt 0.65625 1
vt 0.6875 0
vt 0.6875 0.125
vt 0.6875 0.25
vt 0.6875 0.375
vt 0.6875 0.5
vt 0.6875 0.625
vt 0.6875 0.75
vt 0.6875 0.875
vt 0.6875 1
vt 0.71875 0
vt 0.71875 0.125
vt 0.71875 0.25
vt 0.71875 0.375
vt 0.71875 0.5
vt 0.71875 0.625
vt 0.71875 0.75
vt 0.71875 0.875
vt 0.71875 1
vt 0.75 0
vt 0.75 0.125
vt 0.75 0.25
vt 0.75 0.375
vt 0.75 0.5
vt 0.75 0.625
vt 0.75 0.75
vt 0.75 0.875
vt 0.75 1
vt 0.78125 0
vt 0.78125 0.125
vt 0.78125 0.25
vt 0.78125 0.375
vt 0.78125 0.5
vt 0.78125 0.625
vt 0.78125 0.75
vt 0.78125 0.875
vt 0.78125 1
vt 0.8125 0
vt 0.8125 0.125
vt 0.8125 0.25
vt 0.8125 0.375
vt 0.8125 0.5
vt 0.8125 0.625
vt 0.8125 0.75
vt 0.8125 0.875
vt 0.8125 1
vt 0.84375 0
vt 0.84375 0.125
vt 0.84375 0.25
vt 0.84375 0.375
vt 0.84375 0.5
vt 0.84375 0.625
vt 0.84375 0.75
vt 0.84375 0.875
vt 0.84375 1
vt 0.875 0
vt 0.875 0.125
vt 0.875 0.25
vt 0.875 0.375
vt 0.875 0.5
vt 0.875 0.625
vt 0.875 0.75
vt 0.875 0.875
vt 0.875 1
vt 0.90625 0
vt 0.90625 0.125
vt 0.90625 0.25
vt 0.90625 0.375
vt 0.90625 0.5
vt 0.90625 0.625
vt 0.90625 0.75
vt 0.90625 0.875
vt 0.90625 1
vt 0.9375 0
vt 0.9375 0.125
vt 0.9375 0.25
vt 0.9375 0.375
vt 0.9375 0.5
vt 0.9375 0.625
vt 0.9375 0.75
vt 0.9375 0.875
vt 0.9375 1
vt 0.96875 0
vt 0.96875 0.125
vt 0.96875 0.25
vt 0.96875 0.375
vt 0.96875 0.5
vt 0.96875 0.625
vt 0.96875 0.75
vt 0.96875 0.875
vt 0.96875 1
vt 1 0
vt 1 0.125
vt 1 0.25
vt 1 0.375
vt 1 0.5
vt 1 0.625
vt 1 0.75
vt 1 0.875
vt 1 1
vt 0 0
vt 1 0
vt 1 1
vt 0 1
vt 0.5 1
vn 1 0 0
vn 0.92388 0 0.38268
vn 0.92388 0 0.38268
vn 0.70711 0 0.70711
vn 0.70711 0 0.70711
vn 0.38268 0 0.92388
vn 0.38268 0 0.92388
vn 0 0 1
vn 0 0 1
vn -0.38268 0 0.92388
vn -0.38268 0 0.92388
vn -0.70711 0 0.70711
vn -0.70711 0 0.70711
vn -0.92388 0 0.38268
vn -0.92388 0 0.38268
vn -1 0 0
vn -1 0 0
vn -0.92388 0 -0.38268
vn -0.92388 0 -0.38268
vn -0.70711 0 -0.70711
vn -0.70711 0 -0.70711
vn -0.38268 0 -0.92388
vn -0.38268 0 -0.92388
vn 0 0 -1
vn 0 0 -1
vn 0.38268 0 -0.92388
vn 0.38268 0 -0.92388
vn 0.70711 0 -0.70711
vn 0.70711 0 -0.70711
vn 0.92388 0 -0.38268
vn 0.92388 0 -0.38268
vn 1 0 0
vn 1 0 0
vn 0.70711 0 0.70711
vn 0.70711 0 0.70711
vn 0 0 1
vn 0 0 1
vn -0.70711 0 0.70711
vn -0.70711 0 0.70711
vn -1 0 0
vn -1 0 0
vn -0.70711 0 -0.70711
vn -0.70711 0 -0.70711
vn 0 0 -1
vn 0 0 -1
vn 0.70711 0 -0.70711
vn 0.70711 0 -0.70711
vn 1 0 0
vn 1 0 0
vn 0.70711 0 0.70711
vn 0.70711 0 0.70711
vn 0 0 1
vn 0 0 1
vn -0.70711 0 0.70711
vn -0.70711 0 0.70711
vn -1 0 0
vn -1 0 0
vn -0.70711 0 -0.70711
vn -0.70711 0 -0.70711
vn 0 0 -1
vn 0 0 -1
vn 0.70711 0 -0.70711
vn 0.70711 0 -0.70711
vn 1 0 0
vn 1 0 0
vn 0.92388 0 0.38268
vn 0.92388 0 0.38268
vn 0.70711 0 0.70711
vn 0.70711 0 0.70711
vn 0.38268 0 0.92388
vn 0.38268 0 0.92388
vn 0 0 1
vn 0 0 1
vn -0.38268 0 0.92388
vn -0.38268 0 0.92388
vn -0.70711 0 0.70711
vn -0.70711 0 0.70711
vn -0.92388 0 0.38268
vn -0.92388 0 0.38268
vn -1 0 0
vn -1 0 0
vn -0.92388 0 -0.38268
vn -0.92388 0 -0.38268
vn -0.70711 0 -0.70711
vn -0.70711 0 -0.70711
vn -0.38268 0 -0.92388
vn -0.38268 0 -0.92388
vn 0 0 -1
vn 0 0 -1
vn 0.38268 0 -0.92388
vn 0.38268 0 -0.92388
vn 0.70711 0 -0.70711
vn 0.70711 0 -0.70711
vn 0.92388 0 -0.38268
vn 0.92388 0 -0.38268
vn 1 0 0
vn 1 0 0
vn 0.92388 0 0.38268
vn 0.92388 0 0.38268
vn 0.70711 0 0.70711
vn 0.70711 0 0.70711
vn 0.38268 0 0.92388
vn 0.38268 0 0.92388
vn 0 0 1
vn 0 0 1
vn -0.38268 0 0.92388
vn -0.38268 0 0.92388
vn -0.70711 0 0.70711
vn -0.70711 0 0.70711
vn -0.92388 0 0.38268
vn -0.92388 0 0.38268
vn -1 0 0
vn -1 0 0
vn -0.92388 0 -0.38268
vn -0.92388 0 -0.38268
vn -0.70711 0 -0.70711
vn -0.70711 0 -0.70711
vn -0.38268 0 -0.92388
vn -0.38268 0 -0.92388
vn 0 0 -1
vn 0 0 -1
vn 0.38268 0 -0.92388
vn 0.38268 0 -0.92388
vn 0.70711 0 -0.70711
vn 0.70711 0 -0.70711
vn 0.92388 0 -0.38268
vn 0.92388 0 -0.38268
vn 1 0 0
vn 1 0 0
vn 0.92388 0 0.38268
vn 0.92388 0 0.38268
vn 0.70711 0 0.70711
vn 0.70711 0 0.70711
vn 0.38268 0 0.92388
vn 0.38268 0 0.92388
vn 0 0 1
vn 0 0 1
vn -0.38268 0 0.92388
vn -0.38268 0 0.92388
vn -0.70711 0 0.70711
vn -0.70711 0 0.70711
vn -0.92388 0 0.38268
vn -0.92388 0 0.38268
vn -1 0 0
vn -1 0 0
vn -0.92388 0 -0.38268
vn -0.92388 0 -0.38268
vn -0.70711 0 -0.70711
vn -0.70711 0 -0.70711
vn -0.38268 0 -0.92388
vn -0.38268 0 -0.92388
vn 0 0 -1
vn 0 0 -1
vn 0.38268 0 -0.92388
vn 0.38268 0 -0.92388
vn 0.70711 0 -0.70711
vn 0.70711 0 -0.70711
vn 0.92388 0 -0.38268
vn 0.92388 0 -0.38268
vn 1 0 0
vn 1 0 0
vn 0.92388 0 0.38268
vn 0.92388 0 0.38268
vn 0.70711 0 0.70711
vn 0.70711 0 0.70711
vn 0.38268 0 0.92388
vn 0.38268 0 0.92388
vn 0 0 1
vn 0 0 1
vn -0.38268 0 0.92388
vn -0.38268 0 0.92388
vn -0.70711 0 0.70711
vn -0.70711 0 0.70711
vn -0.92388 0 0.38268
vn -0.92388 0 0.38268
vn -1 0 0
vn -1 0 0
vn -0.92388 0 -0.38268
vn -0.92388 0 -0.38268
vn -0.70711 0 -0.70711
vn -0.70711 0 -0.70711
vn -0.38268 0 -0.92388
vn -0.38268 0 -0.92388
vn 0 0 -1
vn 0 0 -1
vn 0.38268 0 -0.92388
vn 0.38268 0 -0.92388
vn 0.70711 0 -0.70711
vn 0.70711 0 -0.70711
vn 0.92388 0 -0.38268
vn 0.92388 0 -0.38268
vn 1 0 0
vn 1 0 0
vn 0.92388 0 0.38268
vn 0.92388 0 0.38268
vn 0.70711 0 0.70711
vn 0.70711 0 0.70711
vn 0.38268 0 0.92388
vn 0.38268 0 0.92388
vn 0 0 1
vn 0 0 1
vn -0.38268 0 0.92388
vn -0.38268 0 0.92388
vn -0.70711 0 0.70711
vn -0.70711 0 0.70711
vn -0.92388 0 0.38268
vn -0.92388 0 0.38268
vn -1 0 0
vn -1 0 0
vn -0.92388 0 -0.38268
vn -0.92388 0 -0.38268
vn -0.70711 0 -0.70711
vn -0.70711 0 -0.70711
vn -0.38268 0 -0.92388
vn -0.38268 0 -0.92388
vn 0 0 -1
vn 0 0 -1
vn 0.38268 0 -0.92388
vn 0.38268 0 -0.92388
vn 0.70711 0 -0.70711
vn 0.70711 0 -0.70711
vn 0.92388 0 -0.38268
vn 0.92388 0 -0.38268
vn 1 0 0
vn 1 0 0
vn 0.92388 0 0.38268
vn 0.92388 0 0.38268
vn 0.70711 0 0.70711
vn 0.70711 0 0.70711
vn 0.38268 0 0.92388
vn 0.38268 0 0.92388
vn 0 0 1
vn 0 0 1
vn -0.38268 0 0.92388
vn -0.38268 0 0.92388
vn -0.70711 0 0.70711
vn -0.70711 0 0.70711
vn -0.92388 0 0.38268
vn -0.92388 0 0.38268
vn -1 0 0
vn -1 0 0
vn -0.92388 0 -0.38268
vn -0.92388 0 -0.38268
vn -0.70711 0 -0.70711
vn -0.70711 0 -0.70711
vn -0.38268 0 -0.92388
vn -0.38268 0 -0.92388
vn 0 0 -1
vn 0 0 -1
vn 0.38268 0 -0.92388
vn 0.38268 0 -0.92388
vn 0.70711 0 -0.70711
vn 0.70711 0 -0.70711
vn 0.92388 0 -0.38268
vn 0.92388 0 -0.38268
vn 1 0 0
vn 1 0 0
vn 0.92388 0 0.38268
vn 0.92388 0 0.38268
vn 0.70711 0 0.70711
vn 0.70711 0 0.70711
vn 0.38268 0 0.92388
vn 0.38268 0 0.92388
vn 0 0 1
vn 0 0 1
vn -0.38268 0 0.92388
vn -0.38268 0 0.92388
vn -0.70711 0 0.70711
vn -0.70711 0 0.70711
vn -0.92388 0 0.38268
vn -0.92388 0 0.38268
vn -1 0 0
vn -1 0 0
vn -0.92388 0 -0.38268
vn -0.92388 0 -0.38268
vn -0.70711 0 -0.70711
vn -0.70711 0 -0.70711
vn -0.38268 0 -0.92388
vn -0.38268 0 -0.92388
vn 0 0 -1
vn 0 0 -1
vn 0.38268 0 -0.92388
vn 0.38268 0 -0.92388
vn 0.70711 0 -0.70711
vn 0.70711 0 -0.70711
vn 0.92388 0 -0.38268
vn 0.92388 0 -0.38268
vn 1 0 0
vn 1 0 0
vn 0.92388 0 0.38268
vn 0.92388 0 0.38268
vn 0.70711 0 0.70711
vn 0.70711 0 0.70711
vn 0.38268 0 0.92388
vn 0.38268 0 0.92388
vn 0 0 1
vn 0 0 1
vn -0.38268 0 0.92388
vn -0.38268 0 0.92388
vn -0.70711 0 0.70711
vn -0.70711 0 0.70711
vn -0.92388 0 0.38268
vn -0.92388 0 0.38268
vn -1 0 0
vn -1 0 0
vn -0.92388 0 -0.38268
vn -0.92388 0 -0.38268
vn -0.70711 0 -0.70711
vn -0.70711 0 -0.70711
vn -0.38268 0 -0.92388
vn -0.38268 0 -0.92388
vn 0 0 -1
vn 0 0 -1
vn 0.38268 0 -0.92388
vn 0.38268 0 -0.92388
vn 0.70711 0 -0.70711
vn 0.70711 0 -0.70711
vn 0.92388 0 -0.38268
vn 0.92388 0 -0.38268
vn 1 0 0
vn 1 0 0
vn 0.92388 0 0.38268
vn 0.92388 0 0.38268
vn 0.70711 0 0.70711
vn 0.70711 0 0.70711
vn 0.38268 0 0.92388
vn 0.38268 0 0.92388
vn 0 0 1
vn 0 0 1
vn -0.38268 0 0.92388
vn -0.38268 0 0.92388
vn -0.70711 0 0.70711
vn -0.70711 0 0.70711
vn -0.92388 0 0.38268
vn -0.92388 0 0.38268
vn -1 0 0
vn -1 0 0
vn -0.92388 0 -0.38268
vn -0.92388 0 -0.38268
vn -0.70711 0 -0.70711
vn -0.70711 0 -0.70711
vn -0.38268 0 -0.92388
vn -0.38268 0 -0.92388
vn 0 0 -1
vn 0 0 -1
vn 0.38268 0 -0.92388
vn 0.38268 0 -0.92388
vn 0.70711 0 -0.70711
vn 0.70711 0 -0.70711
vn 0.92388 0 -0.38268
vn 0.92388 0 -0.38268
vn 1 0 0
vn 1 0 0
vn 0.92388 0 0.38268
vn 0.92388 0 0.38268
vn 0.70711 0 0.70711
vn 0.70711 0 0.70711
vn 0.38268 0 0.92388
vn 0.38268 0 0.92388
vn 0 0 1
vn 0 0 1
vn -0.38268 0 0.92388
vn -0.38268 0 0.92388
vn -0.70711 0 0.70711
vn -0.70711 0 0.70711
vn -0.92388 0 0.38268
vn -0.92388 0 0.38268
vn -1 0 0
vn -1 0 0
vn -0.92388 0 -0.38268
vn -0.92388 0 -0.38268
vn -0.70711 0 -0.70711
vn -0.70711 0 -0.70711
vn -0.38268 0 -0.92388
vn -0.38268 0 -0.92388
vn 0 0 -1
vn 0 0 -1
vn 0.38268 0 -0.92388
vn 0.38268 0 -0.92388
vn 0.70711 0 -0.70711
vn 0.70711 0 -0.70711
vn 0.92388 0 -0.38268
vn 0.92388 0 -0.38268
vn 1 0 0
vn 0 0 -1
vn 1 0 0
vn 0 0 1
vn -1 0 0
vn 0 -1 0
vn 0 0 -1
vn 1 0 0
vn 0 0 1
vn -1 0 0
vn 0 -1 0
vn 0 0 -1
vn 1 0 0
vn 0 0 1
vn -1 0 0
vn 0 -1 0
vn 0 0 -1
vn 1 0 0
vn 0 0 1
vn -1 0 0
vn 0 -1 0
vn 0 0 -1
vn 1 0 0
vn 0 0 1
vn -1 0 0
vn 0 -1 0
vn 0 0 -1
vn 1 0 0
vn 0 0 1
vn -1 0 0
vn 0 -1 0
vn 0 0 -1
vn 0 0 1
vn 0.98302 0.1835 0
vn 0.95358 -0.30113 0
vn 0.96221 -0.27232 0
vn -0.96221 -0.27232 0
vn -0.95358 -0.30113 0
vn -0.98302 0.1835 0
vn 0 1 0
vn 0 0 -1
vn 0 0 1
vn 0.99902 0.04426 0
vn 0.98932 -0.14579 0
vn -0.98932 -0.14579 0
vn -0.99902 0.04426 0
vn 0 1 0
vn 0 0 -1
vn 0 0 1
vn 0.99915 0.0412 0
vn 0.97988 -0.1996 0
vn -0.98178 0.19002 0
vn -0.9958 0.09157 0
vn -0.99902 -0.04426 0
vn -0.72954 0.68394 0
vn 0 0 -1
vn 0 0 1
vn 0.72954 0.68394 0
vn 0.99902 -0.04426 0
vn 0.9958 0.09157 0
vn 0.98178 0.19002 0
vn -0.97988 -0.1996 0
vn -0.99915 0.0412 0
vn 0 0 -1
vn 0 0 1
vn 0.14655 0.9892 0
vn 0.8854 0.46483 0
vn 0.99445 -0.10518 0
vn 0.8552 -0.5183 0
vn -0.99597 -0.08964 0
vn -0.95061 -0.3104 0
vn -0.88438 -0.46676 0
vn 0 0 -1
vn 0 0 1
vn 0.14655 -0.9892 0
vn 0.8854 -0.46483 0
vn 0.99445 0.10518 0
vn 0.8552 0.5183 0
vn -0.99597 0.08964 0
vn -0.95061 0.3104 0
vn -0.88438 0.46676 0
vn 0 0 -1
vn 0 0 1
vn 0.34819 0.93743 0
vn 0.94868 0.31623 0
vn 0.99442 -0.10547 0
vn 0.88047 -0.4741 0
vn -0.99474 -0.1024 0
vn -0.87681 -0.48083 0
vn -0.95578 -0.29409 0
vn 0 0 -1
vn 0 0 1
vn 0.34819 -0.93743 0
vn 0.94868 -0.31623 0
vn 0.99442 0.10547 0
vn 0.88047 0.4741 0
vn -0.99474 0.1024 0
vn -0.87681 0.48083 0
vn -0.95578 0.29409 0
vn 0 0 -1
vn 0 0 1
vn -0.92308 -0.38462 0
vn -0.44721 -0.89443 0
vn 0.28735 -0.95783 0
vn -0.28735 -0.95783 0
vn 0.44721 -0.89443 0
vn 0.92308 -0.38462 0
vn -0.27075 0.96265 0
vn -0.54499 0.83844 0
vn 0.23337 0.97239 0
vn -0.23337 0.97239 0
vn 0.54499 0.83844 0
vn 0.27075 0.96265 0
vn 0 1 0
vn 0 1 0
vn 0 1 0
vn 0 1 0
vn 0 1 0
vn 0 1 0
vn 0 1 0
vn 0 1 0
vn 0 1 0
vn 0 1 0
vn 0 1 0
vn 0 1 0
vn 0 1 0
vn 0 1 0
vn 0 1 0
vn 0 1 0
vn 0 1 0
vn 0 1 0
vn 0 1 0
vn 0 1 0
vn 0 1 0
vn 0 1 0
vn 0 1 0
vn 0 1 0
vn 0 1 0
vn 0.25882 0.96593 0
vn 0.25 0.96593 0.06699
vn 0.22414 0.96593 0.12941
vn 0.18301 0.96593 0.18301
vn 0.12941 0.96593 0.22414
vn 0.06699 0.96593 0.25
vn 0 0.96593 0.25882
vn -0.06699 0.96593 0.25
vn -0.12941 0.96593 0.22414
vn -0.18301 0.96593 0.18301
vn -0.22414 0.96593 0.12941
vn -0.25 0.96593 0.06699
vn -0.25882 0.96593 0
vn -0.25 0.96593 -0.06699
vn -0.22414 0.96593 -0.12941
vn -0.18301 0.96593 -0.18301
vn -0.12941 0.96593 -0.22414
vn -0.06699 0.96593 -0.25
vn 0 0.96593 -0.25882
vn 0.06699 0.96593 -0.25
vn 0.12941 0.96593 -0.22414
vn 0.18301 0.96593 -0.18301
vn 0.22414 0.96593 -0.12941
vn 0.25 0.96593 -0.06699
vn 0.25882 0.96593 0
vn 0.5 0.86603 0
vn 0.48296 0.86603 0.12941
vn 0.43301 0.86603 0.25
vn 0.35355 0.86603 0.35355
vn 0.25 0.86603 0.43301
vn 0.12941 0.86603 0.48296
vn 0 0.86603 0.5
vn -0.12941 0.86603 0.48296
vn -0.25 0.86603 0.43301
vn -0.35355 0.86603 0.35355
vn -0.43301 0.86603 0.25
vn -0.48296 0.86603 0.12941
vn -0.5 0.86603 0
vn -0.48296 0.86603 -0.12941
vn -0.43301 0.86603 -0.25
vn -0.35355 0.86603 -0.35355
vn -0.25 0.86603 -0.43301
vn -0.12941 0.86603 -0.48296
vn 0 0.86603 -0.5
vn 0.12941 0.86603 -0.48296
vn 0.25 0.86603 -0.43301
vn 0.35355 0.86603 -0.35355
vn 0.43301 0.86603 -0.25
vn 0.48296 0.86603 -0.12941
vn 0.5 0.86603 0
vn 0.70711 0.70711 0
vn 0.68301 0.70711 0.18301
vn 0.61237 0.70711 0.35355
vn 0.5 0.70711 0.5
vn 0.35355 0.70711 0.61237
vn 0.18301 0.70711 0.68301
vn 0 0.70711 0.70711
vn -0.18301 0.70711 0.68301
vn -0.35355 0.70711 0.61237
vn -0.5 0.70711 0.5
vn -0.61237 0.70711 0.35355
vn -0.68301 0.70711 0.18301
vn -0.70711 0.70711 0
vn -0.68301 0.70711 -0.18301
vn -0.61237 0.70711 -0.35355
vn -0.5 0.70711 -0.5
vn -0.35355 0.70711 -0.61237
vn -0.18301 0.70711 -0.68301
vn 0 0.70711 -0.70711
vn 0.18301 0.70711 -0.68301
vn 0.35355 0.70711 -0.61237
vn 0.5 0.70711 -0.5
vn 0.61237 0.70711 -0.35355
vn 0.68301 0.70711 -0.18301
vn 0.70711 0.70711 0
vn 0.86603 0.5 0
vn 0.83652 0.5 0.22414
vn 0.75 0.5 0.43301
vn 0.61237 0.5 0.61237
vn 0.43301 0.5 0.75
vn 0.22414 0.5 0.83652
vn 0 0.5 0.86603
vn -0.22414 0.5 0.83652
vn -0.43301 0.5 0.75
vn -0.61237 0.5 0.61237
vn -0.75 0.5 0.43301
vn -0.83652 0.5 0.22414
vn -0.86603 0.5 0
vn -0.83652 0.5 -0.22414
vn -0.75 0.5 -0.43301
vn -0.61237 0.5 -0.61237
vn -0.43301 0.5 -0.75
vn -0.22414 0.5 -0.83652
vn 0 0.5 -0.86603
vn 0.22414 0.5 -0.83652
vn 0.43301 0.5 -0.75
vn 0.61237 0.5 -0.61237
vn 0.75 0.5 -0.43301
vn 0.83652 0.5 -0.22414
vn 0.86603 0.5 0
vn 0.96593 0.25882 0
vn 0.93301 0.25882 0.25
vn 0.83652 0.25882 0.48296
vn 0.68301 0.25882 0.68301
vn 0.48296 0.25882 0.83652
vn 0.25 0.25882 0.93301
vn 0 0.25882 0.96593
vn -0.25 0.25882 0.93301
vn -0.48296 0.25882 0.83652
vn -0.68301 0.25882 0.68301
vn -0.83652 0.25882 0.48296
vn -0.93301 0.25882 0.25
vn -0.96593 0.25882 0
vn -0.93301 0.25882 -0.25
vn -0.83652 0.25882 -0.48296
vn -0.68301 0.25882 -0.68301
vn -0.48296 0.25882 -0.83652
vn -0.25 0.25882 -0.93301
vn 0 0.25882 -0.96593
vn 0.25 0.25882 -0.93301
vn 0.48296 0.25882 -0.83652
vn 0.68301 0.25882 -0.68301
vn 0.83652 0.25882 -0.48296
vn 0.93301 0.25882 -0.25
vn 0.96593 0.25882 0
vn 1 0 0
vn 0.96593 0 0.25882
vn 0.86603 0 0.5
vn 0.70711 0 0.70711
vn 0.5 0 0.86603
vn 0.25882 0 0.96593
vn 0 0 1
vn -0.25882 0 0.96593
vn -0.5 0 0.86603
vn -0.70711 0 0.70711
vn -0.86603 0 0.5
vn -0.96593 0 0.25882
vn -1 0 0
vn -0.96593 0 -0.25882
vn -0.86603 0 -0.5
vn -0.70711 0 -0.70711
vn -0.5 0 -0.86603
vn -0.25882 0 -0.96593
vn 0 0 -1
vn 0.25882 0 -0.96593
vn 0.5 0 -0.86603
vn 0.70711 0 -0.70711
vn 0.86603 0 -0.5
vn 0.96593 0 -0.25882
vn 1 0 0
vn 0.96593 -0.25882 0
vn 0.93301 -0.25882 0.25
vn 0.83652 -0.25882 0.48296
vn 0.68301 -0.25882 0.68301
vn 0.48296 -0.25882 0.83652
vn 0.25 -0.25882 0.93301
vn 0 -0.25882 0.96593
vn -0.25 -0.25882 0.93301
vn -0.48296 -0.25882 0.83652
vn -0.68301 -0.25882 0.68301
vn -0.83652 -0.25882 0.48296
vn -0.93301 -0.25882 0.25
vn -0.96593 -0.25882 0
vn -0.93301 -0.25882 -0.25
vn -0.83652 -0.25882 -0.48296
vn -0.68301 -0.25882 -0.68301
vn -0.48296 -0.25882 -0.83652
vn -0.25 -0.25882 -0.93301
vn 0 -0.25882 -0.96593
vn 0.25 -0.25882 -0.93301
vn 0.48296 -0.25882 -0.83652
vn 0.68301 -0.25882 -0.68301
vn 0.83652 -0.25882 -0.48296
vn 0.93301 -0.25882 -0.25
vn 0.96593 -0.25882 0
vn 0.86603 -0.5 0
vn 0.83652 -0.5 0.22414
vn 0.75 -0.5 0.43301
vn 0.61237 -0.5 0.61237
vn 0.43301 -0.5 0.75
vn 0.22414 -0.5 0.83652
vn 0 -0.5 0.86603
vn -0.22414 -0.5 0.83652
vn -0.43301 -0.5 0.75
vn -0.61237 -0.5 0.61237
vn -0.75 -0.5 0.43301
vn -0.83652 -0.5 0.22414
vn -0.86603 -0.5 0
vn -0.83652 -0.5 -0.22414
vn -0.75 -0.5 -0.43301
vn -0.61237 -0.5 -0.61237
vn -0.43301 -0.5 -0.75
vn -0.22414 -0.5 -0.83652
vn 0 -0.5 -0.86603
vn 0.22414 -0.5 -0.83652
vn 0.43301 -0.5 -0.75
vn 0.61237 -0.5 -0.61237
vn 0.75 -0.5 -0.43301
vn 0.83652 -0.5 -0.22414
vn 0.86603 -0.5 0
vn 0.70711 -0.70711 0
vn 0.68301 -0.70711 0.18301
vn 0.61237 -0.70711 0.35355
vn 0.5 -0.70711 0.5
vn 0.35355 -0.70711 0.61237
vn 0.18301 -0.70711 0.68301
vn 0 -0.70711 0.70711
vn -0.18301 -0.70711 0.68301
vn -0.35355 -0.70711 0.61237
vn -0.5 -0.70711 0.5
vn -0.61237 -0.70711 0.35355
vn -0.68301 -0.70711 0.18301
vn -0.70711 -0.70711 0
vn -0.68301 -0.70711 -0.18301
vn -0.61237 -0.70711 -0.35355
vn -0.5 -0.70711 -0.5
vn -0.35355 -0.70711 -0.61237
vn -0.18301 -0.70711 -0.68301
vn 0 -0.70711 -0.70711
vn 0.18301 -0.70711 -0.68301
vn 0.35355 -0.70711 -0.61237
vn 0.5 -0.70711 -0.5
vn 0.61237 -0.70711 -0.35355
vn 0.68301 -0.70711 -0.18301
vn 0.70711 -0.70711 0
vn 0.5 -0.86603 0
vn 0.48296 -0.86603 0.12941
vn 0.43301 -0.86603 0.25
vn 0.35355 -0.86603 0.35355
vn 0.25 -0.86603 0.43301
vn 0.12941 -0.86603 0.48296
vn 0 -0.86603 0.5
vn -0.12941 -0.86603 0.48296
vn -0.25 -0.86603 0.43301
vn -0.35355 -0.86603 0.35355
vn -0.43301 -0.86603 0.25
vn -0.48296 -0.86603 0.12941
vn -0.5 -0.86603 0
vn -0.48296 -0.86603 -0.12941
vn -0.43301 -0.86603 -0.25
vn -0.35355 -0.86603 -0.35355
vn -0.25 -0.86603 -0.43301
vn -0.12941 -0.86603 -0.48296
vn 0 -0.86603 -0.5
vn 0.12941 -0.86603 -0.48296
vn 0.25 -0.86603 -0.43301
vn 0.35355 -0.86603 -0.35355
vn 0.43301 -0.86603 -0.25
vn 0.48296 -0.86603 -0.12941
vn 0.5 -0.86603 0
vn 0.25882 -0.96593 0
vn 0.25 -0.96593 0.06699
vn 0.22414 -0.96593 0.12941
vn 0.18301 -0.96593 0.18301
vn 0.12941 -0.96593 0.22414
vn 0.06699 -0.96593 0.25
vn 0 -0.96593 0.25882
vn -0.06699 -0.96593 0.25
vn -0.12941 -0.96593 0.22414
vn -0.18301 -0.96593 0.18301
vn -0.22414 -0.96593 0.12941
vn -0.25 -0.96593 0.06699
vn -0.25882 -0.96593 0
vn -0.25 -0.96593 -0.06699
vn -0.22414 -0.96593 -0.12941
vn -0.18301 -0.96593 -0.18301
vn -0.12941 -0.96593 -0.22414
vn -0.06699 -0.96593 -0.25
vn 0 -0.96593 -0.25882
vn 0.06699 -0.96593 -0.25
vn 0.12941 -0.96593 -0.22414
vn 0.18301 -0.96593 -0.18301
vn 0.22414 -0.96593 -0.12941
vn 0.25 -0.96593 -0.06699
vn 0.25882 -0.96593 0
vn 0 -1 0
vn 0 -1 0
vn 0 -1 0
vn 0 -1 0
vn 0 -1 0
vn 0 -1 0
vn 0 -1 0
vn 0 -1 0
vn 0 -1 0
vn 0 -1 0
vn 0 -1 0
vn 0 -1 0
vn 0 -1 0
vn 0 -1 0
vn 0 -1 0
vn 0 -1 0
vn 0 -1 0
vn 0 -1 0
vn 0 -1 0
vn 0 -1 0
vn 0 -1 0
vn 0 -1 0
vn 0 -1 0
vn 0 -1 0
vn 0 -1 0
vn 0 1 0
vn 0 1 0
vn 0 1 0
vn 0 1 0
vn 0 1 0
vn 0 1 0
vn 0 1 0
vn 0 1 0
vn 0 1 0
vn 0 1 0
vn 0 1 0
vn 0 1 0
vn 0 1 0
vn 0 1 0
vn 0 1 0
vn 0 1 0
vn 0 1 0
vn 0 1 0
vn 0 1 0
vn 0 1 0
vn 0 1 0
vn 0 1 0
vn 0 1 0
vn 0 1 0
vn 0 1 0
vn 0.25882 0.96593 0
vn 0.25 0.96593 0.06699
vn 0.22414 0.96593 0.12941
vn 0.18301 0.96593 0.18301
vn 0.12941 0.96593 0.22414
vn 0.06699 0.96593 0.25
vn 0 0.96593 0.25882
vn -0.06699 0.96593 0.25
vn -0.12941 0.96593 0.22414
vn -0.18301 0.96593 0.18301
vn -0.22414 0.96593 0.12941
vn -0.25 0.96593 0.06699
vn -0.25882 0.96593 0
vn -0.25 0.96593 -0.06699
vn -0.22414 0.96593 -0.12941
vn -0.18301 0.96593 -0.18301
vn -0.12941 0.96593 -0.22414
vn -0.06699 0.96593 -0.25
vn 0 0.96593 -0.25882
vn 0.06699 0.96593 -0.25
vn 0.12941 0.96593 -0.22414
vn 0.18301 0.96593 -0.18301
vn 0.22414 0.96593 -0.12941
vn 0.25 0.96593 -0.06699
vn 0.25882 0.96593 0
vn 0.5 0.86603 0
vn 0.48296 0.86603 0.12941
vn 0.43301 0.86603 0.25
vn 0.35355 0.86603 0.35355
vn 0.25 0.86603 0.43301
vn 0.12941 0.86603 0.48296
vn 0 0.86603 0.5
vn -0.12941 0.86603 0.48296
vn -0.25 0.86603 0.43301
vn -0.35355 0.86603 0.35355
vn -0.43301 0.86603 0.25
vn -0.48296 0.86603 0.12941
vn -0.5 0.86603 0
vn -0.48296 0.86603 -0.12941
vn -0.43301 0.86603 -0.25
vn -0.35355 0.86603 -0.35355
vn -0.25 0.86603 -0.43301
vn -0.12941 0.86603 -0.48296
vn 0 0.86603 -0.5
vn 0.12941 0.86603 -0.48296
vn 0.25 0.86603 -0.43301
vn 0.35355 0.86603 -0.35355
vn 0.43301 0.86603 -0.25
vn 0.48296 0.86603 -0.12941
vn 0.5 0.86603 0
vn 0.70711 0.70711 0
vn 0.68301 0.70711 0.18301
vn 0.61237 0.70711 0.35355
vn 0.5 0.70711 0.5
vn 0.35355 0.70711 0.61237
vn 0.18301 0.70711 0.68301
vn 0 0.70711 0.70711
vn -0.18301 0.70711 0.68301
vn -0.35355 0.70711 0.61237
vn -0.5 0.70711 0.5
vn -0.61237 0.70711 0.35355
vn -0.68301 0.70711 0.18301
vn -0.70711 0.70711 0
vn -0.68301 0.70711 -0.18301
vn -0.61237 0.70711 -0.35355
vn -0.5 0.70711 -0.5
vn -0.35355 0.70711 -0.61237
vn -0.18301 0.70711 -0.68301
vn 0 0.70711 -0.70711
vn 0.18301 0.70711 -0.68301
vn 0.35355 0.70711 -0.61237
vn 0.5 0.70711 -0.5
vn 0.61237 0.70711 -0.35355
vn 0.68301 0.70711 -0.18301
vn 0.70711 0.70711 0
vn 0.86603 0.5 0
vn 0.83652 0.5 0.22414
vn 0.75 0.5 0.43301
vn 0.61237 0.5 0.61237
vn 0.43301 0.5 0.75
vn 0.22414 0.5 0.83652
vn 0 0.5 0.86603
vn -0.22414 0.5 0.83652
vn -0.43301 0.5 0.75
vn -0.61237 0.5 0.61237
vn -0.75 0.5 0.43301
vn -0.83652 0.5 0.22414
vn -0.86603 0.5 0
vn -0.83652 0.5 -0.22414
vn -0.75 0.5 -0.43301
vn -0.61237 0.5 -0.61237
vn -0.43301 0.5 -0.75
vn -0.22414 0.5 -0.83652
vn 0 0.5 -0.86603
vn 0.22414 0.5 -0.83652
vn 0.43301 0.5 -0.75
vn 0.61237 0.5 -0.61237
vn 0.75 0.5 -0.43301
vn 0.83652 0.5 -0.22414
vn 0.86603 0.5 0
vn 0.96593 0.25882 0
vn 0.93301 0.25882 0.25
vn 0.83652 0.25882 0.48296
vn 0.68301 0.25882 0.68301
vn 0.48296 0.25882 0.83652
vn 0.25 0.25882 0.93301
vn 0 0.25882 0.96593
vn -0.25 0.25882 0.93301
vn -0.48296 0.25882 0.83652
vn -0.68301 0.25882 0.68301
vn -0.83652 0.25882 0.48296
vn -0.93301 0.25882 0.25
vn -0.96593 0.25882 0
vn -0.93301 0.25882 -0.25
vn -0.83652 0.25882 -0.48296
vn -0.68301 0.25882 -0.68301
vn -0.48296 0.25882 -0.83652
vn -0.25 0.25882 -0.93301
vn 0 0.25882 -0.96593
vn 0.25 0.25882 -0.93301
vn 0.48296 0.25882 -0.83652
vn 0.68301 0.25882 -0.68301
vn 0.83652 0.25882 -0.48296
vn 0.93301 0.25882 -0.25
vn 0.96593 0.25882 0
vn 1 0 0
vn 0.96593 0 0.25882
vn 0.86603 0 0.5
vn 0.70711 0 0.70711
vn 0.5 0 0.86603
vn 0.25882 0 0.96593
vn 0 0 1
vn -0.25882 0 0.96593
vn -0.5 0 0.86603
vn -0.70711 0 0.70711
vn -0.86603 0 0.5
vn -0.96593 0 0.25882
vn -1 0 0
vn -0.96593 0 -0.25882
vn -0.86603 0 -0.5
vn -0.70711 0 -0.70711
vn -0.5 0 -0.86603
vn -0.25882 0 -0.96593
vn 0 0 -1
vn 0.25882 0 -0.96593
vn 0.5 0 -0.86603
vn 0.70711 0 -0.70711
vn 0.86603 0 -0.5
vn 0.96593 0 -0.25882
vn 1 0 0
vn 0.96593 -0.25882 0
vn 0.93301 -0.25882 0.25
vn 0.83652 -0.25882 0.48296
vn 0.68301 -0.25882 0.68301
vn 0.48296 -0.25882 0.83652
vn 0.25 -0.25882 0.93301
vn 0 -0.25882 0.96593
vn -0.25 -0.25882 0.93301
vn -0.48296 -0.25882 0.83652
vn -0.68301 -0.25882 0.68301
vn -0.83652 -0.25882 0.48296
vn -0.93301 -0.25882 0.25
vn -0.96593 -0.25882 0
vn -0.93301 -0.25882 -0.25
vn -0.83652 -0.25882 -0.48296
vn -0.68301 -0.25882 -0.68301
vn -0.48296 -0.25882 -0.83652
vn -0.25 -0.25882 -0.93301
vn 0 -0.25882 -0.96593
vn 0.25 -0.25882 -0.93301
vn 0.48296 -0.25882 -0.83652
vn 0.68301 -0.25882 -0.68301
vn 0.83652 -0.25882 -0.48296
vn 0.93301 -0.25882 -0.25
vn 0.96593 -0.25882 0
vn 0.86603 -0.5 0
vn 0.83652 -0.5 0.22414
vn 0.75 -0.5 0.43301
vn 0.61237 -0.5 0.61237
vn 0.43301 -0.5 0.75
vn 0.22414 -0.5 0.83652
vn 0 -0.5 0.86603
vn -0.22414 -0.5 0.83652
vn -0.43301 -0.5 0.75
vn -0.61237 -0.5 0.61237
vn -0.75 -0.5 0.43301
vn -0.83652 -0.5 0.22414
vn -0.86603 -0.5 0
vn -0.83652 -0.5 -0.22414
vn -0.75 -0.5 -0.43301
vn -0.61237 -0.5 -0.61237
vn -0.43301 -0.5 -0.75
vn -0.22414 -0.5 -0.83652
vn 0 -0.5 -0.86603
vn 0.22414 -0.5 -0.83652
vn 0.43301 -0.5 -0.75
vn 0.61237 -0.5 -0.61237
vn 0.75 -0.5 -0.43301
vn 0.83652 -0.5 -0.22414
vn 0.86603 -0.5 0
vn 0.70711 -0.70711 0
vn 0.68301 -0.70711 0.18301
vn 0.61237 -0.70711 0.35355
vn 0.5 -0.70711 0.5
vn 0.35355 -0.70711 0.61237
vn 0.18301 -0.70711 0.68301
vn 0 -0.70711 0.70711
vn -0.18301 -0.70711 0.68301
vn -0.35355 -0.70711 0.61237
vn -0.5 -0.70711 0.5
vn -0.61237 -0.70711 0.35355
vn -0.68301 -0.70711 0.18301
vn -0.70711 -0.70711 0
vn -0.68301 -0.70711 -0.18301
vn -0.61237 -0.70711 -0.35355
vn -0.5 -0.70711 -0.5
vn -0.35355 -0.70711 -0.61237
vn -0.18301 -0.70711 -0.68301
vn 0 -0.70711 -0.70711
vn 0.18301 -0.70711 -0.68301
vn 0.35355 -0.70711 -0.61237
vn 0.5 -0.70711 -0.5
vn 0.61237 -0.70711 -0.35355
vn 0.68301 -0.70711 -0.18301
vn 0.70711 -0.70711 0
vn 0.5 -0.86603 0
vn 0.48296 -0.86603 0.12941
vn 0.43301 -0.86603 0.25
vn 0.35355 -0.86603 0.35355
vn 0.25 -0.86603 0.43301
vn 0.12941 -0.86603 0.48296
vn 0 -0.86603 0.5
vn -0.12941 -0.86603 0.48296
vn -0.25 -0.86603 0.43301
vn -0.35355 -0.86603 0.35355
vn -0.43301 -0.86603 0.25
vn -0.48296 -0.86603 0.12941
vn -0.5 -0.86603 0
vn -0.48296 -0.86603 -0.12941
vn -0.43301 -0.86603 -0.25
vn -0.35355 -0.86603 -0.35355
vn -0.25 -0.86603 -0.43301
vn -0.12941 -0.86603 -0.48296
vn 0 -0.86603 -0.5
vn 0.12941 -0.86603 -0.48296
vn 0.25 -0.86603 -0.43301
vn 0.35355 -0.86603 -0.35355
vn 0.43301 -0.86603 -0.25
vn 0.48296 -0.86603 -0.12941
vn 0.5 -0.86603 0
vn 0.25882 -0.96593 0
vn 0.25 -0.96593 0.06699
vn 0.22414 -0.96593 0.12941
vn 0.18301 -0.96593 0.18301
vn 0.12941 -0.96593 0.22414
vn 0.06699 -0.96593 0.25
vn 0 -0.96593 0.25882
vn -0.06699 -0.96593 0.25
vn -0.12941 -0.96593 0.22414
vn -0.18301 -0.96593 0.18301
vn -0.22414 -0.96593 0.12941
vn -0.25 -0.96593 0.06699
vn -0.25882 -0.96593 0
vn -0.25 -0.96593 -0.06699
vn -0.22414 -0.96593 -0.12941
vn -0.18301 -0.96593 -0.18301
vn -0.12941 -0.96593 -0.22414
vn -0.06699 -0.96593 -0.25
vn 0 -0.96593 -0.25882
vn 0.06699 -0.96593 -0.25
vn 0.12941 -0.96593 -0.22414
vn 0.18301 -0.96593 -0.18301
vn 0.22414 -0.96593 -0.12941
vn 0.25 -0.96593 -0.06699
vn 0.25882 -0.96593 0
vn 0 -1 0
vn 0 -1 0
vn 0 -1 0
vn 0 -1 0
vn 0 -1 0
vn 0 -1 0
vn 0 -1 0
vn 0 -1 0
vn 0 -1 0
vn 0 -1 0
vn 0 -1 0
vn 0 -1 0
vn 0 -1 0
vn 0 -1 0
vn 0 -1 0
vn 0 -1 0
vn 0 -1 0
vn 0 -1 0
vn 0 -1 0
vn 0 -1 0
vn 0 -1 0
vn 0 -1 0
vn 0 -1 0
vn 0 -1 0
vn 0 -1 0
vn 1 0 0
vn 0.70711 0 0.70711
vn 0 0 1
vn -0.70711 0 0.70711
vn -1 0 0
vn -0.70711 0 -0.70711
vn 0 0 -1
vn 0.70711 0 -0.70711
vn 1 0 0
vn 0.98079 0.19509 0
vn 0.69352 0.13795 0.70711
vn 0 0 1
vn -0.69352 -0.13795 0.70711
vn -0.98079 -0.19509 0
vn -0.69352 -0.13795 -0.70711
vn 0 0 -1
vn 0.69352 0.13795 -0.70711
vn 0.98079 0.19509 0
vn 0.92388 0.38268 0
vn 0.65328 0.2706 0.70711
vn 0 0 1
vn -0.65328 -0.2706 0.70711
vn -0.92388 -0.38268 0
vn -0.65328 -0.2706 -0.70711
vn 0 0 -1
vn 0.65328 0.2706 -0.70711
vn 0.92388 0.38268 0
vn 0.83147 0.55557 0
vn 0.58794 0.39285 0.70711
vn 0 0 1
vn -0.58794 -0.39285 0.70711
vn -0.83147 -0.55557 0
vn -0.58794 -0.39285 -0.70711
vn 0 0 -1
vn 0.58794 0.39285 -0.70711
vn 0.83147 0.55557 0
vn 0.70711 0.70711 0
vn 0.5 0.5 0.70711
vn 0 0 1
vn -0.5 -0.5 0.70711
vn -0.70711 -0.70711 0
vn -0.5 -0.5 -0.70711
vn 0 0 -1
vn 0.5 0.5 -0.70711
vn 0.70711 0.70711 0
vn 0.55557 0.83147 0
vn 0.39285 0.58794 0.70711
vn 0 0 1
vn -0.39285 -0.58794 0.70711
vn -0.55557 -0.83147 0
vn -0.39285 -0.58794 -0.70711
vn 0 0 -1
vn 0.39285 0.58794 -0.70711
vn 0.55557 0.83147 0
vn 0.38268 0.92388 0
vn 0.2706 0.65328 0.70711
vn 0 0 1
vn -0.2706 -0.65328 0.70711
vn -0.38268 -0.92388 0
vn -0.2706 -0.65328 -0.70711
vn 0 0 -1
vn 0.2706 0.65328 -0.70711
vn 0.38268 0.92388 0
vn 0.19509 0.98079 0
vn 0.13795 0.69352 0.70711
vn 0 0 1
vn -0.13795 -0.69352 0.70711
vn -0.19509 -0.98079 0
vn -0.13795 -0.69352 -0.70711
vn 0 0 -1
vn 0.13795 0.69352 -0.70711
vn 0.19509 0.98079 0
vn 0 1 0
vn 0 0.70711 0.70711
vn 0 0 1
vn 0 -0.70711 0.70711
vn 0 -1 0
vn 0 -0.70711 -0.70711
vn 0 0 -1
vn 0 0.70711 -0.70711
vn 0 1 0
vn -0.19509 0.98079 0
vn -0.13795 0.69352 0.70711
vn 0 0 1
vn 0.13795 -0.69352 0.70711
vn 0.19509 -0.98079 0
vn 0.13795 -0.69352 -0.70711
vn 0 0 -1
vn -0.13795 0.69352 -0.70711
vn -0.19509 0.98079 0
vn -0.38268 0.92388 0
vn -0.2706 0.65328 0.70711
vn 0 0 1
vn 0.2706 -0.65328 0.70711
vn 0.38268 -0.92388 0
vn 0.2706 -0.65328 -0.70711
vn 0 0 -1
vn -0.2706 0.65328 -0.70711
vn -0.38268 0.92388 0
vn -0.55557 0.83147 0
vn -0.39285 0.58794 0.70711
vn 0 0 1
vn 0.39285 -0.58794 0.70711
vn 0.55557 -0.83147 0
vn 0.39285 -0.58794 -0.70711
vn 0 0 -1
vn -0.39285 0.58794 -0.70711
vn -0.55557 0.83147 0
vn -0.70711 0.70711 0
vn -0.5 0.5 0.70711
vn 0 0 1
vn 0.5 -0.5 0.70711
vn 0.70711 -0.70711 0
vn 0.5 -0.5 -0.70711
vn 0 0 -1
vn -0.5 0.5 -0.70711
vn -0.70711 0.70711 0
vn -0.83147 0.55557 0
vn -0.58794 0.39285 0.70711
vn 0 0 1
vn 0.58794 -0.39285 0.70711
vn 0.83147 -0.55557 0
vn 0.58794 -0.39285 -0.70711
vn 0 0 -1
vn -0.58794 0.39285 -0.70711
vn -0.83147 0.55557 0
vn -0.92388 0.38268 0
vn -0.65328 0.2706 0.70711
vn 0 0 1
vn 0.65328 -0.2706 0.70711
vn 0.92388 -0.38268 0
vn 0.65328 -0.2706 -0.70711
vn 0 0 -1
vn -0.65328 0.2706 -0.70711
vn -0.92388 0.38268 0
vn -0.98079 0.19509 0
vn -0.69352 0.13795 0.70711
vn 0 0 1
vn 0.69352 -0.13795 0.70711
vn 0.98079 -0.19509 0
vn 0.69352 -0.13795 -0.70711
vn 0 0 -1
vn -0.69352 0.13795 -0.70711
vn -0.98079 0.19509 0
vn -1 0 0
vn -0.70711 0 0.70711
vn 0 0 1
vn 0.70711 0 0.70711
vn 1 0 0
vn 0.70711 0 -0.70711
vn 0 0 -1
vn -0.70711 0 -0.70711
vn -1 0 0
vn -0.98079 -0.19509 0
vn -0.69352 -0.13795 0.70711
vn 0 0 1
vn 0.69352 0.13795 0.70711
vn 0.98079 0.19509 0
vn 0.69352 0.13795 -0.70711
vn 0 0 -1
vn -0.69352 -0.13795 -0.70711
vn -0.98079 -0.19509 0
vn -0.92388 -0.38268 0
vn -0.65328 -0.2706 0.70711
vn 0 0 1
vn 0.65328 0.2706 0.70711
vn 0.92388 0.38268 0
vn 0.65328 0.2706 -0.70711
vn 0 0 -1
vn -0.65328 -0.2706 -0.70711
vn -0.92388 -0.38268 0
vn -0.83147 -0.55557 0
vn -0.58794 -0.39285 0.70711
vn 0 0 1
vn 0.58794 0.39285 0.70711
vn 0.83147 0.55557 0
vn 0.58794 0.39285 -0.70711
vn 0 0 -1
vn -0.58794 -0.39285 -0.70711
vn -0.83147 -0.55557 0
vn -0.70711 -0.70711 0
vn -0.5 -0.5 0.70711
vn 0 0 1
vn 0.5 0.5 0.70711
vn 0.70711 0.70711 0
vn 0.5 0.5 -0.70711
vn 0 0 -1
vn -0.5 -0.5 -0.70711
vn -0.70711 -0.70711 0
vn -0.55557 -0.83147 0
vn -0.39285 -0.58794 0.70711
vn 0 0 1
vn 0.39285 0.58794 0.70711
vn 0.55557 0.83147 0
vn 0.39285 0.58794 -0.70711
vn 0 0 -1
vn -0.39285 -0.58794 -0.70711
vn -0.55557 -0.83147 0
vn -0.38268 -0.92388 0
vn -0.2706 -0.65328 0.70711
vn 0 0 1
vn 0.2706 0.65328 0.70711
vn 0.38268 0.92388 0
vn 0.2706 0.65328 -0.70711
vn 0 0 -1
vn -0.2706 -0.65328 -0.70711
vn -0.38268 -0.92388 0
vn -0.19509 -0.98079 0
vn -0.13795 -0.69352 0.70711
vn 0 0 1
vn 0.13795 0.69352 0.70711
vn 0.19509 0.98079 0
vn 0.13795 0.69352 -0.70711
vn 0 0 -1
vn -0.13795 -0.69352 -0.70711
vn -0.19509 -0.98079 0
vn 0 -1 0
vn 0 -0.70711 0.70711
vn 0 0 1
vn 0 0.70711 0.70711
vn 0 1 0
vn 0 0.70711 -0.70711
vn 0 0 -1
vn 0 -0.70711 -0.70711
vn 0 -1 0
vn 0.19509 -0.98079 0
vn 0.13795 -0.69352 0.70711
vn 0 0 1
vn -0.13795 0.69352 0.70711
vn -0.19509 0.98079 0
vn -0.13795 0.69352 -0.70711
vn 0 0 -1
vn 0.13795 -0.69352 -0.70711
vn 0.19509 -0.98079 0
vn 0.38268 -0.92388 0
vn 0.2706 -0.65328 0.70711
vn 0 0 1
vn -0.2706 0.65328 0.70711
vn -0.38268 0.92388 0
vn -0.2706 0.65328 -0.70711
vn 0 0 -1
vn 0.2706 -0.65328 -0.70711
vn 0.38268 -0.92388 0
vn 0.55557 -0.83147 0
vn 0.39285 -0.58794 0.70711
vn 0 0 1
vn -0.39285 0.58794 0.70711
vn -0.55557 0.83147 0
vn -0.39285 0.58794 -0.70711
vn 0 0 -1
vn 0.39285 -0.58794 -0.70711
vn 0.55557 -0.83147 0
vn 0.70711 -0.70711 0
vn 0.5 -0.5 0.70711
vn 0 0 1
vn -0.5 0.5 0.70711
vn -0.70711 0.70711 0
vn -0.5 0.5 -0.70711
vn 0 0 -1
vn 0.5 -0.5 -0.70711
vn 0.70711 -0.70711 0
vn 0.83147 -0.55557 0
vn 0.58794 -0.39285 0.70711
vn 0 0 1
vn -0.58794 0.39285 0.70711
vn -0.83147 0.55557 0
vn -0.58794 0.39285 -0.70711
vn 0 0 -1
vn 0.58794 -0.39285 -0.70711
vn 0.83147 -0.55557 0
vn 0.92388 -0.38268 0
vn 0.65328 -0.2706 0.70711
vn 0 0 1
vn -0.65328 0.2706 0.70711
vn -0.92388 0.38268 0
vn -0.65328 0.2706 -0.70711
vn 0 0 -1
vn 0.65328 -0.2706 -0.70711
vn 0.92388 -0.38268 0
vn 0.98079 -0.19509 0
vn 0.69352 -0.13795 0.70711
vn 0 0 1
vn -0.69352 0.13795 0.70711
vn -0.98079 0.19509 0
vn -0.69352 0.13795 -0.70711
vn 0 0 -1
vn 0.69352 -0.13795 -0.70711
vn 0.98079 -0.19509 0
vn 1 0 0
vn 0.70711 0 0.70711
vn 0 0 1
vn -0.70711 0 0.70711
vn -1 0 0
vn -0.70711 0 -0.70711
vn 0 0 -1
vn 0.70711 0 -0.70711
vn 1 0 0
vn 0 0 -1
vn 1 0 0
vn 0 0 1
vn -1 0 0
vn 0 -1 0
o marble_shaft
usemtl marble
s 1
f 1/1/1 3/2/2 4/3/2 2/4/1
f 3/5/3 5/6/4 6/7/4 4/8/3
f 5/9/5 7/10/6 8/11/6 6/12/5
f 7/13/7 9/14/8 10/15/8 8/16/7
f 9/17/9 11/18/10 12/19/10 10/20/9
f 11/21/11 13/22/12 14/23/12 12/24/11
f 13/25/13 15/26/14 16/27/14 14/28/13
f 15/29/15 17/30/16 18/31/16 16/32/15
f 17/33/17 19/34/18 20/35/18 18/36/17
f 19/37/19 21/38/20 22/39/20 20/40/19
f 21/41/21 23/42/22 24/43/22 22/44/21
f 23/45/23 25/46/24 26/47/24 24/48/23
f 25/49/25 27/50/26 28/51/26 26/52/25
f 27/53/27 29/54/28 30/55/28 28/56/27
f 29/57/29 31/58/30 32/59/30 30/60/29
f 31/61/31 1/62/32 2/63/32 32/64/31
o left_gold_channel
usemtl gold
s 1
f 33/65/33 35/66/34 36/67/34 34/68/33
f 35/69/35 37/70/36 38/71/36 36/72/35
f 37/73/37 39/74/38 40/75/38 38/76/37
f 39/77/39 41/78/40 42/79/40 40/80/39
f 41/81/41 43/82/42 44/83/42 42/84/41
f 43/85/43 45/86/44 46/87/44 44/88/43
f 45/89/45 47/90/46 48/91/46 46/92/45
f 47/93/47 33/94/48 34/95/48 48/96/47
o right_gold_channel
usemtl gold
s 1
f 49/97/49 51/98/50 52/99/50 50/100/49
f 51/101/51 53/102/52 54/103/52 52/104/51
f 53/105/53 55/106/54 56/107/54 54/108/53
f 55/109/55 57/110/56 58/111/56 56/112/55
f 57/113/57 59/114/58 60/115/58 58/116/57
f 59/117/59 61/118/60 62/119/60 60/120/59
f 61/121/61 63/122/62 64/123/62 62/124/61
f 63/125/63 49/126/64 50/127/64 64/128/63
o obsidian_grip
usemtl obsidian
s 1
f 65/129/65 67/130/66 68/131/66 66/132/65
f 67/133/67 69/134/68 70/135/68 68/136/67
f 69/137/69 71/138/70 72/139/70 70/140/69
f 71/141/71 73/142/72 74/143/72 72/144/71
f 73/145/73 75/146/74 76/147/74 74/148/73
f 75/149/75 77/150/76 78/151/76 76/152/75
f 77/153/77 79/154/78 80/155/78 78/156/77
f 79/157/79 81/158/80 82/159/80 80/160/79
f 81/161/81 83/162/82 84/163/82 82/164/81
f 83/165/83 85/166/84 86/167/84 84/168/83
f 85/169/85 87/170/86 88/171/86 86/172/85
f 87/173/87 89/174/88 90/175/88 88/176/87
f 89/177/89 91/178/90 92/179/90 90/180/89
f 91/181/91 93/182/92 94/183/92 92/184/91
f 93/185/93 95/186/94 96/187/94 94/188/93
f 95/189/95 65/190/96 66/191/96 96/192/95
o gold_binding_-3.38
usemtl gold
s 1
f 97/193/97 99/194/98 100/195/98 98/196/97
f 99/197/99 101/198/100 102/199/100 100/200/99
f 101/201/101 103/202/102 104/203/102 102/204/101
f 103/205/103 105/206/104 106/207/104 104/208/103
f 105/209/105 107/210/106 108/211/106 106/212/105
f 107/213/107 109/214/108 110/215/108 108/216/107
f 109/217/109 111/218/110 112/219/110 110/220/109
f 111/221/111 113/222/112 114/223/112 112/224/111
f 113/225/113 115/226/114 116/227/114 114/228/113
f 115/229/115 117/230/116 118/231/116 116/232/115
f 117/233/117 119/234/118 120/235/118 118/236/117
f 119/237/119 121/238/120 122/239/120 120/240/119
f 121/241/121 123/242/122 124/243/122 122/244/121
f 123/245/123 125/246/124 126/247/124 124/248/123
f 125/249/125 127/250/126 128/251/126 126/252/125
f 127/253/127 97/254/128 98/255/128 128/256/127
o gold_binding_-2.75
usemtl gold
s 1
f 129/257/129 131/258/130 132/259/130 130/260/129
f 131/261/131 133/262/132 134/263/132 132/264/131
f 133/265/133 135/266/134 136/267/134 134/268/133
f 135/269/135 137/270/136 138/271/136 136/272/135
f 137/273/137 139/274/138 140/275/138 138/276/137
f 139/277/139 141/278/140 142/279/140 140/280/139
f 141/281/141 143/282/142 144/283/142 142/284/141
f 143/285/143 145/286/144 146/287/144 144/288/143
f 145/289/145 147/290/146 148/291/146 146/292/145
f 147/293/147 149/294/148 150/295/148 148/296/147
f 149/297/149 151/298/150 152/299/150 150/300/149
f 151/301/151 153/302/152 154/303/152 152/304/151
f 153/305/153 155/306/154 156/307/154 154/308/153
f 155/309/155 157/310/156 158/311/156 156/312/155
f 157/313/157 159/314/158 160/315/158 158/316/157
f 159/317/159 129/318/160 130/319/160 160/320/159
o gold_binding_-2.66
usemtl gold
s 1
f 161/321/161 163/322/162 164/323/162 162/324/161
f 163/325/163 165/326/164 166/327/164 164/328/163
f 165/329/165 167/330/166 168/331/166 166/332/165
f 167/333/167 169/334/168 170/335/168 168/336/167
f 169/337/169 171/338/170 172/339/170 170/340/169
f 171/341/171 173/342/172 174/343/172 172/344/171
f 173/345/173 175/346/174 176/347/174 174/348/173
f 175/349/175 177/350/176 178/351/176 176/352/175
f 177/353/177 179/354/178 180/355/178 178/356/177
f 179/357/179 181/358/180 182/359/180 180/360/179
f 181/361/181 183/362/182 184/363/182 182/364/181
f 183/365/183 185/366/184 186/367/184 184/368/183
f 185/369/185 187/370/186 188/371/186 186/372/185
f 187/373/187 189/374/188 190/375/188 188/376/187
f 189/377/189 191/378/190 192/379/190 190/380/189
f 191/381/191 161/382/192 162/383/192 192/384/191
o gold_binding_-1.72
usemtl gold
s 1
f 193/385/193 195/386/194 196/387/194 194/388/193
f 195/389/195 197/390/196 198/391/196 196/392/195
f 197/393/197 199/394/198 200/395/198 198/396/197
f 199/397/199 201/398/200 202/399/200 200/400/199
f 201/401/201 203/402/202 204/403/202 202/404/201
f 203/405/203 205/406/204 206/407/204 204/408/203
f 205/409/205 207/410/206 208/411/206 206/412/205
f 207/413/207 209/414/208 210/415/208 208/416/207
f 209/417/209 211/418/210 212/419/210 210/420/209
f 211/421/211 213/422/212 214/423/212 212/424/211
f 213/425/213 215/426/214 216/427/214 214/428/213
f 215/429/215 217/430/216 218/431/216 216/432/215
f 217/433/217 219/434/218 220/435/218 218/436/217
f 219/437/219 221/438/220 222/439/220 220/440/219
f 221/441/221 223/442/222 224/443/222 222/444/221
f 223/445/223 193/446/224 194/447/224 224/448/223
o gold_binding_-1.63
usemtl gold
s 1
f 225/449/225 227/450/226 228/451/226 226/452/225
f 227/453/227 229/454/228 230/455/228 228/456/227
f 229/457/229 231/458/230 232/459/230 230/460/229
f 231/461/231 233/462/232 234/463/232 232/464/231
f 233/465/233 235/466/234 236/467/234 234/468/233
f 235/469/235 237/470/236 238/471/236 236/472/235
f 237/473/237 239/474/238 240/475/238 238/476/237
f 239/477/239 241/478/240 242/479/240 240/480/239
f 241/481/241 243/482/242 244/483/242 242/484/241
f 243/485/243 245/486/244 246/487/244 244/488/243
f 245/489/245 247/490/246 248/491/246 246/492/245
f 247/493/247 249/494/248 250/495/248 248/496/247
f 249/497/249 251/498/250 252/499/250 250/500/249
f 251/501/251 253/502/252 254/503/252 252/504/251
f 253/505/253 255/506/254 256/507/254 254/508/253
f 255/509/255 225/510/256 226/511/256 256/512/255
o gold_binding_-0.62
usemtl gold
s 1
f 257/513/257 259/514/258 260/515/258 258/516/257
f 259/517/259 261/518/260 262/519/260 260/520/259
f 261/521/261 263/522/262 264/523/262 262/524/261
f 263/525/263 265/526/264 266/527/264 264/528/263
f 265/529/265 267/530/266 268/531/266 266/532/265
f 267/533/267 269/534/268 270/535/268 268/536/267
f 269/537/269 271/538/270 272/539/270 270/540/269
f 271/541/271 273/542/272 274/543/272 272/544/271
f 273/545/273 275/546/274 276/547/274 274/548/273
f 275/549/275 277/550/276 278/551/276 276/552/275
f 277/553/277 279/554/278 280/555/278 278/556/277
f 279/557/279 281/558/280 282/559/280 280/560/279
f 281/561/281 283/562/282 284/563/282 282/564/281
f 283/565/283 285/566/284 286/567/284 284/568/283
f 285/569/285 287/570/286 288/571/286 286/572/285
f 287/573/287 257/574/288 258/575/288 288/576/287
o gold_binding_0.48
usemtl gold
s 1
f 289/577/289 291/578/290 292/579/290 290/580/289
f 291/581/291 293/582/292 294/583/292 292/584/291
f 293/585/293 295/586/294 296/587/294 294/588/293
f 295/589/295 297/590/296 298/591/296 296/592/295
f 297/593/297 299/594/298 300/595/298 298/596/297
f 299/597/299 301/598/300 302/599/300 300/600/299
f 301/601/301 303/602/302 304/603/302 302/604/301
f 303/605/303 305/606/304 306/607/304 304/608/303
f 305/609/305 307/610/306 308/611/306 306/612/305
f 307/613/307 309/614/308 310/615/308 308/616/307
f 309/617/309 311/618/310 312/619/310 310/620/309
f 311/621/311 313/622/312 314/623/312 312/624/311
f 313/625/313 315/626/314 316/627/314 314/628/313
f 315/629/315 317/630/316 318/631/316 316/632/315
f 317/633/317 319/634/318 320/635/318 318/636/317
f 319/637/319 289/638/320 290/639/320 320/640/319
o gold_binding_0.96
usemtl gold
s 1
f 321/641/321 323/642/322 324/643/322 322/644/321
f 323/645/323 325/646/324 326/647/324 324/648/323
f 325/649/325 327/650/326 328/651/326 326/652/325
f 327/653/327 329/654/328 330/655/328 328/656/327
f 329/657/329 331/658/330 332/659/330 330/660/329
f 331/661/331 333/662/332 334/663/332 332/664/331
f 333/665/333 335/666/334 336/667/334 334/668/333
f 335/669/335 337/670/336 338/671/336 336/672/335
f 337/673/337 339/674/338 340/675/338 338/676/337
f 339/677/339 341/678/340 342/679/340 340/680/339
f 341/681/341 343/682/342 344/683/342 342/684/341
f 343/685/343 345/686/344 346/687/344 344/688/343
f 345/689/345 347/690/346 348/691/346 346/692/345
f 347/693/347 349/694/348 350/695/348 348/696/347
f 349/697/349 351/698/350 352/699/350 350/700/349
f 351/701/351 321/702/352 322/703/352 352/704/351
o gold_pommel
usemtl gold
s 1
f 353/705/353 355/706/354 356/707/354 354/708/353
f 355/709/355 357/710/356 358/711/356 356/712/355
f 357/713/357 359/714/358 360/715/358 358/716/357
f 359/717/359 361/718/360 362/719/360 360/720/359
f 361/721/361 363/722/362 364/723/362 362/724/361
f 363/725/363 365/726/364 366/727/364 364/728/363
f 365/729/365 367/730/366 368/731/366 366/732/365
f 367/733/367 369/734/368 370/735/368 368/736/367
f 369/737/369 371/738/370 372/739/370 370/740/369
f 371/741/371 373/742/372 374/743/372 372/744/371
f 373/745/373 375/746/374 376/747/374 374/748/373
f 375/749/375 377/750/376 378/751/376 376/752/375
f 377/753/377 379/754/378 380/755/378 378/756/377
f 379/757/379 381/758/380 382/759/380 380/760/379
f 381/761/381 383/762/382 384/763/382 382/764/381
f 383/765/383 353/766/384 354/767/384 384/768/383
o pommel_claw_0
usemtl obsidian
s 1
f 385/769/385 386/770/385 389/773/385
f 386/769/386 387/770/386 389/773/386
f 387/769/387 388/770/387 389/773/387
f 388/769/388 385/770/388 389/773/388
f 388/772/389 387/771/389 386/770/389 385/769/389
o pommel_claw_1
usemtl obsidian
s 1
f 390/774/390 391/775/390 394/778/390
f 391/774/391 392/775/391 394/778/391
f 392/774/392 393/775/392 394/778/392
f 393/774/393 390/775/393 394/778/393
f 393/777/394 392/776/394 391/775/394 390/774/394
o pommel_claw_2
usemtl obsidian
s 1
f 395/779/395 396/780/395 399/783/395
f 396/779/396 397/780/396 399/783/396
f 397/779/397 398/780/397 399/783/397
f 398/779/398 395/780/398 399/783/398
f 398/782/399 397/781/399 396/780/399 395/779/399
o pommel_claw_3
usemtl obsidian
s 1
f 400/784/400 401/785/400 404/788/400
f 401/784/401 402/785/401 404/788/401
f 402/784/402 403/785/402 404/788/402
f 403/784/403 400/785/403 404/788/403
f 403/787/404 402/786/404 401/785/404 400/784/404
o pommel_claw_4
usemtl obsidian
s 1
f 405/789/405 406/790/405 409/793/405
f 406/789/406 407/790/406 409/793/406
f 407/789/407 408/790/407 409/793/407
f 408/789/408 405/790/408 409/793/408
f 408/792/409 407/791/409 406/790/409 405/789/409
o pommel_claw_5
usemtl obsidian
s 1
f 410/794/410 411/795/410 414/798/410
f 411/794/411 412/795/411 414/798/411
f 412/794/412 413/795/412 414/798/412
f 413/794/413 410/795/413 414/798/413
f 413/797/414 412/796/414 411/795/414 410/794/414
o obsidian_crown
usemtl obsidian
s 1
f 425/804/415 427/805/415 415/799/415
f 416/799/416 428/805/416 426/804/416
f 423/803/415 425/804/415 415/799/415
f 416/799/416 426/804/416 424/803/416
f 421/802/415 423/803/415 415/799/415
f 416/799/416 424/803/416 422/802/416
f 419/801/415 421/802/415 415/799/415
f 416/799/416 422/802/416 420/801/416
f 415/799/415 417/800/415 419/801/415
f 420/801/416 418/800/416 416/799/416
f 415/799/417 417/800/417 418/800/417 416/799/417
f 417/800/418 419/801/418 420/801/418 418/800/418
f 419/801/419 421/802/419 422/802/419 420/801/419
f 421/802/420 423/803/420 424/803/420 422/802/420
f 423/803/421 425/804/421 426/804/421 424/803/421
f 425/804/422 427/805/422 428/805/422 426/804/422
f 427/805/423 415/799/423 416/799/423 428/805/423
o marble_crown_inlay
usemtl marble
s 1
f 435/809/424 437/810/424 429/806/424
f 430/806/425 438/810/425 436/809/425
f 433/808/424 435/809/424 429/806/424
f 430/806/425 436/809/425 434/808/425
f 429/806/424 431/807/424 433/808/424
f 434/808/425 432/807/425 430/806/425
f 429/806/426 431/807/426 432/807/426 430/806/426
f 431/807/427 433/808/427 434/808/427 432/807/427
f 433/808/428 435/809/428 436/809/428 434/808/428
f 435/809/429 437/810/429 438/810/429 436/809/429
f 437/810/430 429/806/430 430/806/430 438/810/430
o left_gold_crown_edge
usemtl gold
s 1
f 447/815/431 449/816/431 439/811/431
f 440/811/432 450/816/432 448/815/432
f 441/812/431 443/813/431 445/814/431
f 446/814/432 444/813/432 442/812/432
f 441/812/431 445/814/431 447/815/431
f 448/815/432 446/814/432 442/812/432
f 439/811/431 441/812/431 447/815/431
f 448/815/432 442/812/432 440/811/432
f 439/811/433 441/812/433 442/812/433 440/811/433
f 441/812/434 443/813/434 444/813/434 442/812/434
f 443/813/435 445/814/435 446/814/435 444/813/435
f 445/814/436 447/815/436 448/815/436 446/814/436
f 447/815/437 449/816/437 450/816/437 448/815/437
f 449/816/438 439/811/438 440/811/438 450/816/438
o right_gold_crown_edge
usemtl gold
s 1
f 457/820/439 459/821/439 461/822/439
f 462/822/440 460/821/440 458/820/440
f 455/819/439 457/820/439 461/822/439
f 462/822/440 458/820/440 456/819/440
f 455/819/439 461/822/439 451/817/439
f 452/817/440 462/822/440 456/819/440
f 451/817/439 453/818/439 455/819/439
f 456/819/440 454/818/440 452/817/440
f 451/817/441 453/818/441 454/818/441 452/817/441
f 453/818/442 455/819/442 456/819/442 454/818/442
f 455/819/443 457/820/443 458/820/443 456/819/443
f 457/820/444 459/821/444 460/821/444 458/820/444
f 459/821/445 461/822/445 462/822/445 460/821/445
f 461/822/446 451/817/446 452/817/446 462/822/446
o left_outer_cage
usemtl obsidian
s 1
f 469/826/447 471/827/447 473/828/447
f 474/828/448 472/827/448 470/826/448
f 469/826/447 473/828/447 475/829/447
f 476/829/448 474/828/448 470/826/448
f 467/825/447 469/826/447 475/829/447
f 476/829/448 470/826/448 468/825/448
f 467/825/447 475/829/447 463/823/447
f 464/823/448 476/829/448 468/825/448
f 463/823/447 465/824/447 467/825/447
f 468/825/448 466/824/448 464/823/448
f 463/823/449 465/824/449 466/824/449 464/823/449
f 465/824/450 467/825/450 468/825/450 466/824/450
f 467/825/451 469/826/451 470/826/451 468/825/451
f 469/826/452 471/827/452 472/827/452 470/826/452
f 471/827/453 473/828/453 474/828/453 472/827/453
f 473/828/454 475/829/454 476/829/454 474/828/454
f 475/829/455 463/823/455 464/823/455 476/829/455
o right_outer_cage
usemtl obsidian
s 1
f 479/831/456 477/830/456 489/836/456
f 490/836/457 478/830/457 480/831/457
f 481/832/456 479/831/456 489/836/456
f 490/836/457 480/831/457 482/832/457
f 483/833/456 481/832/456 489/836/456
f 490/836/457 482/832/457 484/833/457
f 487/835/456 485/834/456 483/833/456
f 484/833/457 486/834/457 488/835/457
f 489/836/456 487/835/456 483/833/456
f 484/833/457 488/835/457 490/836/457
f 477/830/458 479/831/458 480/831/458 478/830/458
f 479/831/459 481/832/459 482/832/459 480/831/459
f 481/832/460 483/833/460 484/833/460 482/832/460
f 483/833/461 485/834/461 486/834/461 484/833/461
f 485/834/462 487/835/462 488/835/462 486/834/462
f 487/835/463 489/836/463 490/836/463 488/835/463
f 489/836/464 477/830/464 478/830/464 490/836/464
o left_gold_rail
usemtl gold
s 1
f 501/842/465 503/843/465 491/837/465
f 492/837/466 504/843/466 502/842/466
f 497/840/465 499/841/465 501/842/465
f 502/842/466 500/841/466 498/840/466
f 495/839/465 497/840/465 501/842/465
f 502/842/466 498/840/466 496/839/466
f 495/839/465 501/842/465 491/837/465
f 492/837/466 502/842/466 496/839/466
f 491/837/465 493/838/465 495/839/465
f 496/839/466 494/838/466 492/837/466
f 491/837/467 493/838/467 494/838/467 492/837/467
f 493/838/468 495/839/468 496/839/468 494/838/468
f 495/839/469 497/840/469 498/840/469 496/839/469
f 497/840/470 499/841/470 500/841/470 498/840/470
f 499/841/471 501/842/471 502/842/471 500/841/471
f 501/842/472 503/843/472 504/843/472 502/842/472
f 503/843/473 491/837/473 492/837/473 504/843/473
o right_gold_rail
usemtl gold
s 1
f 507/845/474 505/844/474 517/850/474
f 518/850/475 506/844/475 508/845/475
f 509/846/474 507/845/474 517/850/474
f 518/850/475 508/845/475 510/846/475
f 513/848/474 511/847/474 509/846/474
f 510/846/475 512/847/475 514/848/475
f 515/849/474 513/848/474 509/846/474
f 510/846/475 514/848/475 516/849/475
f 517/850/474 515/849/474 509/846/474
f 510/846/475 516/849/475 518/850/475
f 505/844/476 507/845/476 508/845/476 506/844/476
f 507/845/477 509/846/477 510/846/477 508/845/477
f 509/846/478 511/847/478 512/847/478 510/846/478
f 511/847/479 513/848/479 514/848/479 512/847/479
f 513/848/480 515/849/480 516/849/480 514/848/480
f 515/849/481 517/850/481 518/850/481 516/849/481
f 517/850/482 505/844/482 506/844/482 518/850/482
o lower_obsidian_cradle
usemtl obsidian
s 1
f 521/852/483 519/851/483 541/862/483
f 542/862/484 520/851/484 522/852/484
f 523/853/483 521/852/483 541/862/483
f 542/862/484 522/852/484 524/853/484
f 525/854/483 523/853/483 541/862/483
f 542/862/484 524/853/484 526/854/484
f 529/856/483 527/855/483 525/854/483
f 526/854/484 528/855/484 530/856/484
f 531/857/483 529/856/483 525/854/483
f 526/854/484 530/856/484 532/857/484
f 533/858/483 531/857/483 525/854/483
f 526/854/484 532/857/484 534/858/484
f 535/859/483 533/858/483 525/854/483
f 526/854/484 534/858/484 536/859/484
f 537/860/483 535/859/483 525/854/483
f 526/854/484 536/859/484 538/860/484
f 539/861/483 537/860/483 525/854/483
f 526/854/484 538/860/484 540/861/484
f 541/862/483 539/861/483 525/854/483
f 526/854/484 540/861/484 542/862/484
f 519/851/485 521/852/485 522/852/485 520/851/485
f 521/852/486 523/853/486 524/853/486 522/852/486
f 523/853/487 525/854/487 526/854/487 524/853/487
f 525/854/488 527/855/488 528/855/488 526/854/488
f 527/855/489 529/856/489 530/856/489 528/855/489
f 529/856/490 531/857/490 532/857/490 530/856/490
f 531/857/491 533/858/491 534/858/491 532/857/491
f 533/858/492 535/859/492 536/859/492 534/858/492
f 535/859/493 537/860/493 538/860/493 536/859/493
f 537/860/494 539/861/494 540/861/494 538/860/494
f 539/861/495 541/862/495 542/862/495 540/861/495
f 541/862/496 519/851/496 520/851/496 542/862/496
o living_sun
usemtl sun
s 1
f 543/863/497 544/864/498 569/889/523 568/888/522
f 544/864/498 545/865/499 570/890/524 569/889/523
f 545/865/499 546/866/500 571/891/525 570/890/524
f 546/866/500 547/867/501 572/892/526 571/891/525
f 547/867/501 548/868/502 573/893/527 572/892/526
f 548/868/502 549/869/503 574/894/528 573/893/527
f 549/869/503 550/870/504 575/895/529 574/894/528
f 550/870/504 551/871/505 576/896/530 575/895/529
f 551/871/505 552/872/506 577/897/531 576/896/530
f 552/872/506 553/873/507 578/898/532 577/897/531
f 553/873/507 554/874/508 579/899/533 578/898/532
f 554/874/508 555/875/509 580/900/534 579/899/533
f 555/875/509 556/876/510 581/901/535 580/900/534
f 556/876/510 557/877/511 582/902/536 581/901/535
f 557/877/511 558/878/512 583/903/537 582/902/536
f 558/878/512 559/879/513 584/904/538 583/903/537
f 559/879/513 560/880/514 585/905/539 584/904/538
f 560/880/514 561/881/515 586/906/540 585/905/539
f 561/881/515 562/882/516 587/907/541 586/906/540
f 562/882/516 563/883/517 588/908/542 587/907/541
f 563/883/517 564/884/518 589/909/543 588/908/542
f 564/884/518 565/885/519 590/910/544 589/909/543
f 565/885/519 566/886/520 591/911/545 590/910/544
f 566/886/520 567/887/521 592/912/546 591/911/545
f 568/888/522 569/889/523 594/914/548 593/913/547
f 569/889/523 570/890/524 595/915/549 594/914/548
f 570/890/524 571/891/525 596/916/550 595/915/549
f 571/891/525 572/892/526 597/917/551 596/916/550
f 572/892/526 573/893/527 598/918/552 597/917/551
f 573/893/527 574/894/528 599/919/553 598/918/552
f 574/894/528 575/895/529 600/920/554 599/919/553
f 575/895/529 576/896/530 601/921/555 600/920/554
f 576/896/530 577/897/531 602/922/556 601/921/555
f 577/897/531 578/898/532 603/923/557 602/922/556
f 578/898/532 579/899/533 604/924/558 603/923/557
f 579/899/533 580/900/534 605/925/559 604/924/558
f 580/900/534 581/901/535 606/926/560 605/925/559
f 581/901/535 582/902/536 607/927/561 606/926/560
f 582/902/536 583/903/537 608/928/562 607/927/561
f 583/903/537 584/904/538 609/929/563 608/928/562
f 584/904/538 585/905/539 610/930/564 609/929/563
f 585/905/539 586/906/540 611/931/565 610/930/564
f 586/906/540 587/907/541 612/932/566 611/931/565
f 587/907/541 588/908/542 613/933/567 612/932/566
f 588/908/542 589/909/543 614/934/568 613/933/567
f 589/909/543 590/910/544 615/935/569 614/934/568
f 590/910/544 591/911/545 616/936/570 615/935/569
f 591/911/545 592/912/546 617/937/571 616/936/570
f 593/913/547 594/914/548 619/939/573 618/938/572
f 594/914/548 595/915/549 620/940/574 619/939/573
f 595/915/549 596/916/550 621/941/575 620/940/574
f 596/916/550 597/917/551 622/942/576 621/941/575
f 597/917/551 598/918/552 623/943/577 622/942/576
f 598/918/552 599/919/553 624/944/578 623/943/577
f 599/919/553 600/920/554 625/945/579 624/944/578
f 600/920/554 601/921/555 626/946/580 625/945/579
f 601/921/555 602/922/556 627/947/581 626/946/580
f 602/922/556 603/923/557 628/948/582 627/947/581
f 603/923/557 604/924/558 629/949/583 628/948/582
f 604/924/558 605/925/559 630/950/584 629/949/583
f 605/925/559 606/926/560 631/951/585 630/950/584
f 606/926/560 607/927/561 632/952/586 631/951/585
f 607/927/561 608/928/562 633/953/587 632/952/586
f 608/928/562 609/929/563 634/954/588 633/953/587
f 609/929/563 610/930/564 635/955/589 634/954/588
f 610/930/564 611/931/565 636/956/590 635/955/589
f 611/931/565 612/932/566 637/957/591 636/956/590
f 612/932/566 613/933/567 638/958/592 637/957/591
f 613/933/567 614/934/568 639/959/593 638/958/592
f 614/934/568 615/935/569 640/960/594 639/959/593
f 615/935/569 616/936/570 641/961/595 640/960/594
f 616/936/570 617/937/571 642/962/596 641/961/595
f 618/938/572 619/939/573 644/964/598 643/963/597
f 619/939/573 620/940/574 645/965/599 644/964/598
f 620/940/574 621/941/575 646/966/600 645/965/599
f 621/941/575 622/942/576 647/967/601 646/966/600
f 622/942/576 623/943/577 648/968/602 647/967/601
f 623/943/577 624/944/578 649/969/603 648/968/602
f 624/944/578 625/945/579 650/970/604 649/969/603
f 625/945/579 626/946/580 651/971/605 650/970/604
f 626/946/580 627/947/581 652/972/606 651/971/605
f 627/947/581 628/948/582 653/973/607 652/972/606
f 628/948/582 629/949/583 654/974/608 653/973/607
f 629/949/583 630/950/584 655/975/609 654/974/608
f 630/950/584 631/951/585 656/976/610 655/975/609
f 631/951/585 632/952/586 657/977/611 656/976/610
f 632/952/586 633/953/587 658/978/612 657/977/611
f 633/953/587 634/954/588 659/979/613 658/978/612
f 634/954/588 635/955/589 660/980/614 659/979/613
f 635/955/589 636/956/590 661/981/615 660/980/614
f 636/956/590 637/957/591 662/982/616 661/981/615
f 637/957/591 638/958/592 663/983/617 662/982/616
f 638/958/592 639/959/593 664/984/618 663/983/617
f 639/959/593 640/960/594 665/985/619 664/984/618
f 640/960/594 641/961/595 666/986/620 665/985/619
f 641/961/595 642/962/596 667/987/621 666/986/620
f 643/963/597 644/964/598 669/989/623 668/988/622
f 644/964/598 645/965/599 670/990/624 669/989/623
f 645/965/599 646/966/600 671/991/625 670/990/624
f 646/966/600 647/967/601 672/992/626 671/991/625
f 647/967/601 648/968/602 673/993/627 672/992/626
f 648/968/602 649/969/603 674/994/628 673/993/627
f 649/969/603 650/970/604 675/995/629 674/994/628
f 650/970/604 651/971/605 676/996/630 675/995/629
f 651/971/605 652/972/606 677/997/631 676/996/630
f 652/972/606 653/973/607 678/998/632 677/997/631
f 653/973/607 654/974/608 679/999/633 678/998/632
f 654/974/608 655/975/609 680/1000/634 679/999/633
f 655/975/609 656/976/610 681/1001/635 680/1000/634
f 656/976/610 657/977/611 682/1002/636 681/1001/635
f 657/977/611 658/978/612 683/1003/637 682/1002/636
f 658/978/612 659/979/613 684/1004/638 683/1003/637
f 659/979/613 660/980/614 685/1005/639 684/1004/638
f 660/980/614 661/981/615 686/1006/640 685/1005/639
f 661/981/615 662/982/616 687/1007/641 686/1006/640
f 662/982/616 663/983/617 688/1008/642 687/1007/641
f 663/983/617 664/984/618 689/1009/643 688/1008/642
f 664/984/618 665/985/619 690/1010/644 689/1009/643
f 665/985/619 666/986/620 691/1011/645 690/1010/644
f 666/986/620 667/987/621 692/1012/646 691/1011/645
f 668/988/622 669/989/623 694/1014/648 693/1013/647
f 669/989/623 670/990/624 695/1015/649 694/1014/648
f 670/990/624 671/991/625 696/1016/650 695/1015/649
f 671/991/625 672/992/626 697/1017/651 696/1016/650
f 672/992/626 673/993/627 698/1018/652 697/1017/651
f 673/993/627 674/994/628 699/1019/653 698/1018/652
f 674/994/628 675/995/629 700/1020/654 699/1019/653
f 675/995/629 676/996/630 701/1021/655 700/1020/654
f 676/996/630 677/997/631 702/1022/656 701/1021/655
f 677/997/631 678/998/632 703/1023/657 702/1022/656
f 678/998/632 679/999/633 704/1024/658 703/1023/657
f 679/999/633 680/1000/634 705/1025/659 704/1024/658
f 680/1000/634 681/1001/635 706/1026/660 705/1025/659
f 681/1001/635 682/1002/636 707/1027/661 706/1026/660
f 682/1002/636 683/1003/637 708/1028/662 707/1027/661
f 683/1003/637 684/1004/638 709/1029/663 708/1028/662
f 684/1004/638 685/1005/639 710/1030/664 709/1029/663
f 685/1005/639 686/1006/640 711/1031/665 710/1030/664
f 686/1006/640 687/1007/641 712/1032/666 711/1031/665
f 687/1007/641 688/1008/642 713/1033/667 712/1032/666
f 688/1008/642 689/1009/643 714/1034/668 713/1033/667
f 689/1009/643 690/1010/644 715/1035/669 714/1034/668
f 690/1010/644 691/1011/645 716/1036/670 715/1035/669
f 691/1011/645 692/1012/646 717/1037/671 716/1036/670
f 693/1013/647 694/1014/648 719/1039/673 718/1038/672
f 694/1014/648 695/1015/649 720/1040/674 719/1039/673
f 695/1015/649 696/1016/650 721/1041/675 720/1040/674
f 696/1016/650 697/1017/651 722/1042/676 721/1041/675
f 697/1017/651 698/1018/652 723/1043/677 722/1042/676
f 698/1018/652 699/1019/653 724/1044/678 723/1043/677
f 699/1019/653 700/1020/654 725/1045/679 724/1044/678
f 700/1020/654 701/1021/655 726/1046/680 725/1045/679
f 701/1021/655 702/1022/656 727/1047/681 726/1046/680
f 702/1022/656 703/1023/657 728/1048/682 727/1047/681
f 703/1023/657 704/1024/658 729/1049/683 728/1048/682
f 704/1024/658 705/1025/659 730/1050/684 729/1049/683
f 705/1025/659 706/1026/660 731/1051/685 730/1050/684
f 706/1026/660 707/1027/661 732/1052/686 731/1051/685
f 707/1027/661 708/1028/662 733/1053/687 732/1052/686
f 708/1028/662 709/1029/663 734/1054/688 733/1053/687
f 709/1029/663 710/1030/664 735/1055/689 734/1054/688
f 710/1030/664 711/1031/665 736/1056/690 735/1055/689
f 711/1031/665 712/1032/666 737/1057/691 736/1056/690
f 712/1032/666 713/1033/667 738/1058/692 737/1057/691
f 713/1033/667 714/1034/668 739/1059/693 738/1058/692
f 714/1034/668 715/1035/669 740/1060/694 739/1059/693
f 715/1035/669 716/1036/670 741/1061/695 740/1060/694
f 716/1036/670 717/1037/671 742/1062/696 741/1061/695
f 718/1038/672 719/1039/673 744/1064/698 743/1063/697
f 719/1039/673 720/1040/674 745/1065/699 744/1064/698
f 720/1040/674 721/1041/675 746/1066/700 745/1065/699
f 721/1041/675 722/1042/676 747/1067/701 746/1066/700
f 722/1042/676 723/1043/677 748/1068/702 747/1067/701
f 723/1043/677 724/1044/678 749/1069/703 748/1068/702
f 724/1044/678 725/1045/679 750/1070/704 749/1069/703
f 725/1045/679 726/1046/680 751/1071/705 750/1070/704
f 726/1046/680 727/1047/681 752/1072/706 751/1071/705
f 727/1047/681 728/1048/682 753/1073/707 752/1072/706
f 728/1048/682 729/1049/683 754/1074/708 753/1073/707
f 729/1049/683 730/1050/684 755/1075/709 754/1074/708
f 730/1050/684 731/1051/685 756/1076/710 755/1075/709
f 731/1051/685 732/1052/686 757/1077/711 756/1076/710
f 732/1052/686 733/1053/687 758/1078/712 757/1077/711
f 733/1053/687 734/1054/688 759/1079/713 758/1078/712
f 734/1054/688 735/1055/689 760/1080/714 759/1079/713
f 735/1055/689 736/1056/690 761/1081/715 760/1080/714
f 736/1056/690 737/1057/691 762/1082/716 761/1081/715
f 737/1057/691 738/1058/692 763/1083/717 762/1082/716
f 738/1058/692 739/1059/693 764/1084/718 763/1083/717
f 739/1059/693 740/1060/694 765/1085/719 764/1084/718
f 740/1060/694 741/1061/695 766/1086/720 765/1085/719
f 741/1061/695 742/1062/696 767/1087/721 766/1086/720
f 743/1063/697 744/1064/698 769/1089/723 768/1088/722
f 744/1064/698 745/1065/699 770/1090/724 769/1089/723
f 745/1065/699 746/1066/700 771/1091/725 770/1090/724
f 746/1066/700 747/1067/701 772/1092/726 771/1091/725
f 747/1067/701 748/1068/702 773/1093/727 772/1092/726
f 748/1068/702 749/1069/703 774/1094/728 773/1093/727
f 749/1069/703 750/1070/704 775/1095/729 774/1094/728
f 750/1070/704 751/1071/705 776/1096/730 775/1095/729
f 751/1071/705 752/1072/706 777/1097/731 776/1096/730
f 752/1072/706 753/1073/707 778/1098/732 777/1097/731
f 753/1073/707 754/1074/708 779/1099/733 778/1098/732
f 754/1074/708 755/1075/709 780/1100/734 779/1099/733
f 755/1075/709 756/1076/710 781/1101/735 780/1100/734
f 756/1076/710 757/1077/711 782/1102/736 781/1101/735
f 757/1077/711 758/1078/712 783/1103/737 782/1102/736
f 758/1078/712 759/1079/713 784/1104/738 783/1103/737
f 759/1079/713 760/1080/714 785/1105/739 784/1104/738
f 760/1080/714 761/1081/715 786/1106/740 785/1105/739
f 761/1081/715 762/1082/716 787/1107/741 786/1106/740
f 762/1082/716 763/1083/717 788/1108/742 787/1107/741
f 763/1083/717 764/1084/718 789/1109/743 788/1108/742
f 764/1084/718 765/1085/719 790/1110/744 789/1109/743
f 765/1085/719 766/1086/720 791/1111/745 790/1110/744
f 766/1086/720 767/1087/721 792/1112/746 791/1111/745
f 768/1088/722 769/1089/723 794/1114/748 793/1113/747
f 769/1089/723 770/1090/724 795/1115/749 794/1114/748
f 770/1090/724 771/1091/725 796/1116/750 795/1115/749
f 771/1091/725 772/1092/726 797/1117/751 796/1116/750
f 772/1092/726 773/1093/727 798/1118/752 797/1117/751
f 773/1093/727 774/1094/728 799/1119/753 798/1118/752
f 774/1094/728 775/1095/729 800/1120/754 799/1119/753
f 775/1095/729 776/1096/730 801/1121/755 800/1120/754
f 776/1096/730 777/1097/731 802/1122/756 801/1121/755
f 777/1097/731 778/1098/732 803/1123/757 802/1122/756
f 778/1098/732 779/1099/733 804/1124/758 803/1123/757
f 779/1099/733 780/1100/734 805/1125/759 804/1124/758
f 780/1100/734 781/1101/735 806/1126/760 805/1125/759
f 781/1101/735 782/1102/736 807/1127/761 806/1126/760
f 782/1102/736 783/1103/737 808/1128/762 807/1127/761
f 783/1103/737 784/1104/738 809/1129/763 808/1128/762
f 784/1104/738 785/1105/739 810/1130/764 809/1129/763
f 785/1105/739 786/1106/740 811/1131/765 810/1130/764
f 786/1106/740 787/1107/741 812/1132/766 811/1131/765
f 787/1107/741 788/1108/742 813/1133/767 812/1132/766
f 788/1108/742 789/1109/743 814/1134/768 813/1133/767
f 789/1109/743 790/1110/744 815/1135/769 814/1134/768
f 790/1110/744 791/1111/745 816/1136/770 815/1135/769
f 791/1111/745 792/1112/746 817/1137/771 816/1136/770
f 793/1113/747 794/1114/748 819/1139/773 818/1138/772
f 794/1114/748 795/1115/749 820/1140/774 819/1139/773
f 795/1115/749 796/1116/750 821/1141/775 820/1140/774
f 796/1116/750 797/1117/751 822/1142/776 821/1141/775
f 797/1117/751 798/1118/752 823/1143/777 822/1142/776
f 798/1118/752 799/1119/753 824/1144/778 823/1143/777
f 799/1119/753 800/1120/754 825/1145/779 824/1144/778
f 800/1120/754 801/1121/755 826/1146/780 825/1145/779
f 801/1121/755 802/1122/756 827/1147/781 826/1146/780
f 802/1122/756 803/1123/757 828/1148/782 827/1147/781
f 803/1123/757 804/1124/758 829/1149/783 828/1148/782
f 804/1124/758 805/1125/759 830/1150/784 829/1149/783
f 805/1125/759 806/1126/760 831/1151/785 830/1150/784
f 806/1126/760 807/1127/761 832/1152/786 831/1151/785
f 807/1127/761 808/1128/762 833/1153/787 832/1152/786
f 808/1128/762 809/1129/763 834/1154/788 833/1153/787
f 809/1129/763 810/1130/764 835/1155/789 834/1154/788
f 810/1130/764 811/1131/765 836/1156/790 835/1155/789
f 811/1131/765 812/1132/766 837/1157/791 836/1156/790
f 812/1132/766 813/1133/767 838/1158/792 837/1157/791
f 813/1133/767 814/1134/768 839/1159/793 838/1158/792
f 814/1134/768 815/1135/769 840/1160/794 839/1159/793
f 815/1135/769 816/1136/770 841/1161/795 840/1160/794
f 816/1136/770 817/1137/771 842/1162/796 841/1161/795
f 818/1138/772 819/1139/773 844/1164/798 843/1163/797
f 819/1139/773 820/1140/774 845/1165/799 844/1164/798
f 820/1140/774 821/1141/775 846/1166/800 845/1165/799
f 821/1141/775 822/1142/776 847/1167/801 846/1166/800
f 822/1142/776 823/1143/777 848/1168/802 847/1167/801
f 823/1143/777 824/1144/778 849/1169/803 848/1168/802
f 824/1144/778 825/1145/779 850/1170/804 849/1169/803
f 825/1145/779 826/1146/780 851/1171/805 850/1170/804
f 826/1146/780 827/1147/781 852/1172/806 851/1171/805
f 827/1147/781 828/1148/782 853/1173/807 852/1172/806
f 828/1148/782 829/1149/783 854/1174/808 853/1173/807
f 829/1149/783 830/1150/784 855/1175/809 854/1174/808
f 830/1150/784 831/1151/785 856/1176/810 855/1175/809
f 831/1151/785 832/1152/786 857/1177/811 856/1176/810
f 832/1152/786 833/1153/787 858/1178/812 857/1177/811
f 833/1153/787 834/1154/788 859/1179/813 858/1178/812
f 834/1154/788 835/1155/789 860/1180/814 859/1179/813
f 835/1155/789 836/1156/790 861/1181/815 860/1180/814
f 836/1156/790 837/1157/791 862/1182/816 861/1181/815
f 837/1157/791 838/1158/792 863/1183/817 862/1182/816
f 838/1158/792 839/1159/793 864/1184/818 863/1183/817
f 839/1159/793 840/1160/794 865/1185/819 864/1184/818
f 840/1160/794 841/1161/795 866/1186/820 865/1185/819
f 841/1161/795 842/1162/796 867/1187/821 866/1186/820
o all_consuming_pride
usemtl blackhole
s 1
f 868/1188/822 869/1189/823 894/1214/848 893/1213/847
f 869/1189/823 870/1190/824 895/1215/849 894/1214/848
f 870/1190/824 871/1191/825 896/1216/850 895/1215/849
f 871/1191/825 872/1192/826 897/1217/851 896/1216/850
f 872/1192/826 873/1193/827 898/1218/852 897/1217/851
f 873/1193/827 874/1194/828 899/1219/853 898/1218/852
f 874/1194/828 875/1195/829 900/1220/854 899/1219/853
f 875/1195/829 876/1196/830 901/1221/855 900/1220/854
f 876/1196/830 877/1197/831 902/1222/856 901/1221/855
f 877/1197/831 878/1198/832 903/1223/857 902/1222/856
f 878/1198/832 879/1199/833 904/1224/858 903/1223/857
f 879/1199/833 880/1200/834 905/1225/859 904/1224/858
f 880/1200/834 881/1201/835 906/1226/860 905/1225/859
f 881/1201/835 882/1202/836 907/1227/861 906/1226/860
f 882/1202/836 883/1203/837 908/1228/862 907/1227/861
f 883/1203/837 884/1204/838 909/1229/863 908/1228/862
f 884/1204/838 885/1205/839 910/1230/864 909/1229/863
f 885/1205/839 886/1206/840 911/1231/865 910/1230/864
f 886/1206/840 887/1207/841 912/1232/866 911/1231/865
f 887/1207/841 888/1208/842 913/1233/867 912/1232/866
f 888/1208/842 889/1209/843 914/1234/868 913/1233/867
f 889/1209/843 890/1210/844 915/1235/869 914/1234/868
f 890/1210/844 891/1211/845 916/1236/870 915/1235/869
f 891/1211/845 892/1212/846 917/1237/871 916/1236/870
f 893/1213/847 894/1214/848 919/1239/873 918/1238/872
f 894/1214/848 895/1215/849 920/1240/874 919/1239/873
f 895/1215/849 896/1216/850 921/1241/875 920/1240/874
f 896/1216/850 897/1217/851 922/1242/876 921/1241/875
f 897/1217/851 898/1218/852 923/1243/877 922/1242/876
f 898/1218/852 899/1219/853 924/1244/878 923/1243/877
f 899/1219/853 900/1220/854 925/1245/879 924/1244/878
f 900/1220/854 901/1221/855 926/1246/880 925/1245/879
f 901/1221/855 902/1222/856 927/1247/881 926/1246/880
f 902/1222/856 903/1223/857 928/1248/882 927/1247/881
f 903/1223/857 904/1224/858 929/1249/883 928/1248/882
f 904/1224/858 905/1225/859 930/1250/884 929/1249/883
f 905/1225/859 906/1226/860 931/1251/885 930/1250/884
f 906/1226/860 907/1227/861 932/1252/886 931/1251/885
f 907/1227/861 908/1228/862 933/1253/887 932/1252/886
f 908/1228/862 909/1229/863 934/1254/888 933/1253/887
f 909/1229/863 910/1230/864 935/1255/889 934/1254/888
f 910/1230/864 911/1231/865 936/1256/890 935/1255/889
f 911/1231/865 912/1232/866 937/1257/891 936/1256/890
f 912/1232/866 913/1233/867 938/1258/892 937/1257/891
f 913/1233/867 914/1234/868 939/1259/893 938/1258/892
f 914/1234/868 915/1235/869 940/1260/894 939/1259/893
f 915/1235/869 916/1236/870 941/1261/895 940/1260/894
f 916/1236/870 917/1237/871 942/1262/896 941/1261/895
f 918/1238/872 919/1239/873 944/1264/898 943/1263/897
f 919/1239/873 920/1240/874 945/1265/899 944/1264/898
f 920/1240/874 921/1241/875 946/1266/900 945/1265/899
f 921/1241/875 922/1242/876 947/1267/901 946/1266/900
f 922/1242/876 923/1243/877 948/1268/902 947/1267/901
f 923/1243/877 924/1244/878 949/1269/903 948/1268/902
f 924/1244/878 925/1245/879 950/1270/904 949/1269/903
f 925/1245/879 926/1246/880 951/1271/905 950/1270/904
f 926/1246/880 927/1247/881 952/1272/906 951/1271/905
f 927/1247/881 928/1248/882 953/1273/907 952/1272/906
f 928/1248/882 929/1249/883 954/1274/908 953/1273/907
f 929/1249/883 930/1250/884 955/1275/909 954/1274/908
f 930/1250/884 931/1251/885 956/1276/910 955/1275/909
f 931/1251/885 932/1252/886 957/1277/911 956/1276/910
f 932/1252/886 933/1253/887 958/1278/912 957/1277/911
f 933/1253/887 934/1254/888 959/1279/913 958/1278/912
f 934/1254/888 935/1255/889 960/1280/914 959/1279/913
f 935/1255/889 936/1256/890 961/1281/915 960/1280/914
f 936/1256/890 937/1257/891 962/1282/916 961/1281/915
f 937/1257/891 938/1258/892 963/1283/917 962/1282/916
f 938/1258/892 939/1259/893 964/1284/918 963/1283/917
f 939/1259/893 940/1260/894 965/1285/919 964/1284/918
f 940/1260/894 941/1261/895 966/1286/920 965/1285/919
f 941/1261/895 942/1262/896 967/1287/921 966/1286/920
f 943/1263/897 944/1264/898 969/1289/923 968/1288/922
f 944/1264/898 945/1265/899 970/1290/924 969/1289/923
f 945/1265/899 946/1266/900 971/1291/925 970/1290/924
f 946/1266/900 947/1267/901 972/1292/926 971/1291/925
f 947/1267/901 948/1268/902 973/1293/927 972/1292/926
f 948/1268/902 949/1269/903 974/1294/928 973/1293/927
f 949/1269/903 950/1270/904 975/1295/929 974/1294/928
f 950/1270/904 951/1271/905 976/1296/930 975/1295/929
f 951/1271/905 952/1272/906 977/1297/931 976/1296/930
f 952/1272/906 953/1273/907 978/1298/932 977/1297/931
f 953/1273/907 954/1274/908 979/1299/933 978/1298/932
f 954/1274/908 955/1275/909 980/1300/934 979/1299/933
f 955/1275/909 956/1276/910 981/1301/935 980/1300/934
f 956/1276/910 957/1277/911 982/1302/936 981/1301/935
f 957/1277/911 958/1278/912 983/1303/937 982/1302/936
f 958/1278/912 959/1279/913 984/1304/938 983/1303/937
f 959/1279/913 960/1280/914 985/1305/939 984/1304/938
f 960/1280/914 961/1281/915 986/1306/940 985/1305/939
f 961/1281/915 962/1282/916 987/1307/941 986/1306/940
f 962/1282/916 963/1283/917 988/1308/942 987/1307/941
f 963/1283/917 964/1284/918 989/1309/943 988/1308/942
f 964/1284/918 965/1285/919 990/1310/944 989/1309/943
f 965/1285/919 966/1286/920 991/1311/945 990/1310/944
f 966/1286/920 967/1287/921 992/1312/946 991/1311/945
f 968/1288/922 969/1289/923 994/1314/948 993/1313/947
f 969/1289/923 970/1290/924 995/1315/949 994/1314/948
f 970/1290/924 971/1291/925 996/1316/950 995/1315/949
f 971/1291/925 972/1292/926 997/1317/951 996/1316/950
f 972/1292/926 973/1293/927 998/1318/952 997/1317/951
f 973/1293/927 974/1294/928 999/1319/953 998/1318/952
f 974/1294/928 975/1295/929 1000/1320/954 999/1319/953
f 975/1295/929 976/1296/930 1001/1321/955 1000/1320/954
f 976/1296/930 977/1297/931 1002/1322/956 1001/1321/955
f 977/1297/931 978/1298/932 1003/1323/957 1002/1322/956
f 978/1298/932 979/1299/933 1004/1324/958 1003/1323/957
f 979/1299/933 980/1300/934 1005/1325/959 1004/1324/958
f 980/1300/934 981/1301/935 1006/1326/960 1005/1325/959
f 981/1301/935 982/1302/936 1007/1327/961 1006/1326/960
f 982/1302/936 983/1303/937 1008/1328/962 1007/1327/961
f 983/1303/937 984/1304/938 1009/1329/963 1008/1328/962
f 984/1304/938 985/1305/939 1010/1330/964 1009/1329/963
f 985/1305/939 986/1306/940 1011/1331/965 1010/1330/964
f 986/1306/940 987/1307/941 1012/1332/966 1011/1331/965
f 987/1307/941 988/1308/942 1013/1333/967 1012/1332/966
f 988/1308/942 989/1309/943 1014/1334/968 1013/1333/967
f 989/1309/943 990/1310/944 1015/1335/969 1014/1334/968
f 990/1310/944 991/1311/945 1016/1336/970 1015/1335/969
f 991/1311/945 992/1312/946 1017/1337/971 1016/1336/970
f 993/1313/947 994/1314/948 1019/1339/973 1018/1338/972
f 994/1314/948 995/1315/949 1020/1340/974 1019/1339/973
f 995/1315/949 996/1316/950 1021/1341/975 1020/1340/974
f 996/1316/950 997/1317/951 1022/1342/976 1021/1341/975
f 997/1317/951 998/1318/952 1023/1343/977 1022/1342/976
f 998/1318/952 999/1319/953 1024/1344/978 1023/1343/977
f 999/1319/953 1000/1320/954 1025/1345/979 1024/1344/978
f 1000/1320/954 1001/1321/955 1026/1346/980 1025/1345/979
f 1001/1321/955 1002/1322/956 1027/1347/981 1026/1346/980
f 1002/1322/956 1003/1323/957 1028/1348/982 1027/1347/981
f 1003/1323/957 1004/1324/958 1029/1349/983 1028/1348/982
f 1004/1324/958 1005/1325/959 1030/1350/984 1029/1349/983
f 1005/1325/959 1006/1326/960 1031/1351/985 1030/1350/984
f 1006/1326/960 1007/1327/961 1032/1352/986 1031/1351/985
f 1007/1327/961 1008/1328/962 1033/1353/987 1032/1352/986
f 1008/1328/962 1009/1329/963 1034/1354/988 1033/1353/987
f 1009/1329/963 1010/1330/964 1035/1355/989 1034/1354/988
f 1010/1330/964 1011/1331/965 1036/1356/990 1035/1355/989
f 1011/1331/965 1012/1332/966 1037/1357/991 1036/1356/990
f 1012/1332/966 1013/1333/967 1038/1358/992 1037/1357/991
f 1013/1333/967 1014/1334/968 1039/1359/993 1038/1358/992
f 1014/1334/968 1015/1335/969 1040/1360/994 1039/1359/993
f 1015/1335/969 1016/1336/970 1041/1361/995 1040/1360/994
f 1016/1336/970 1017/1337/971 1042/1362/996 1041/1361/995
f 1018/1338/972 1019/1339/973 1044/1364/998 1043/1363/997
f 1019/1339/973 1020/1340/974 1045/1365/999 1044/1364/998
f 1020/1340/974 1021/1341/975 1046/1366/1000 1045/1365/999
f 1021/1341/975 1022/1342/976 1047/1367/1001 1046/1366/1000
f 1022/1342/976 1023/1343/977 1048/1368/1002 1047/1367/1001
f 1023/1343/977 1024/1344/978 1049/1369/1003 1048/1368/1002
f 1024/1344/978 1025/1345/979 1050/1370/1004 1049/1369/1003
f 1025/1345/979 1026/1346/980 1051/1371/1005 1050/1370/1004
f 1026/1346/980 1027/1347/981 1052/1372/1006 1051/1371/1005
f 1027/1347/981 1028/1348/982 1053/1373/1007 1052/1372/1006
f 1028/1348/982 1029/1349/983 1054/1374/1008 1053/1373/1007
f 1029/1349/983 1030/1350/984 1055/1375/1009 1054/1374/1008
f 1030/1350/984 1031/1351/985 1056/1376/1010 1055/1375/1009
f 1031/1351/985 1032/1352/986 1057/1377/1011 1056/1376/1010
f 1032/1352/986 1033/1353/987 1058/1378/1012 1057/1377/1011
f 1033/1353/987 1034/1354/988 1059/1379/1013 1058/1378/1012
f 1034/1354/988 1035/1355/989 1060/1380/1014 1059/1379/1013
f 1035/1355/989 1036/1356/990 1061/1381/1015 1060/1380/1014
f 1036/1356/990 1037/1357/991 1062/1382/1016 1061/1381/1015
f 1037/1357/991 1038/1358/992 1063/1383/1017 1062/1382/1016
f 1038/1358/992 1039/1359/993 1064/1384/1018 1063/1383/1017
f 1039/1359/993 1040/1360/994 1065/1385/1019 1064/1384/1018
f 1040/1360/994 1041/1361/995 1066/1386/1020 1065/1385/1019
f 1041/1361/995 1042/1362/996 1067/1387/1021 1066/1386/1020
f 1043/1363/997 1044/1364/998 1069/1389/1023 1068/1388/1022
f 1044/1364/998 1045/1365/999 1070/1390/1024 1069/1389/1023
f 1045/1365/999 1046/1366/1000 1071/1391/1025 1070/1390/1024
f 1046/1366/1000 1047/1367/1001 1072/1392/1026 1071/1391/1025
f 1047/1367/1001 1048/1368/1002 1073/1393/1027 1072/1392/1026
f 1048/1368/1002 1049/1369/1003 1074/1394/1028 1073/1393/1027
f 1049/1369/1003 1050/1370/1004 1075/1395/1029 1074/1394/1028
f 1050/1370/1004 1051/1371/1005 1076/1396/1030 1075/1395/1029
f 1051/1371/1005 1052/1372/1006 1077/1397/1031 1076/1396/1030
f 1052/1372/1006 1053/1373/1007 1078/1398/1032 1077/1397/1031
f 1053/1373/1007 1054/1374/1008 1079/1399/1033 1078/1398/1032
f 1054/1374/1008 1055/1375/1009 1080/1400/1034 1079/1399/1033
f 1055/1375/1009 1056/1376/1010 1081/1401/1035 1080/1400/1034
f 1056/1376/1010 1057/1377/1011 1082/1402/1036 1081/1401/1035
f 1057/1377/1011 1058/1378/1012 1083/1403/1037 1082/1402/1036
f 1058/1378/1012 1059/1379/1013 1084/1404/1038 1083/1403/1037
f 1059/1379/1013 1060/1380/1014 1085/1405/1039 1084/1404/1038
f 1060/1380/1014 1061/1381/1015 1086/1406/1040 1085/1405/1039
f 1061/1381/1015 1062/1382/1016 1087/1407/1041 1086/1406/1040
f 1062/1382/1016 1063/1383/1017 1088/1408/1042 1087/1407/1041
f 1063/1383/1017 1064/1384/1018 1089/1409/1043 1088/1408/1042
f 1064/1384/1018 1065/1385/1019 1090/1410/1044 1089/1409/1043
f 1065/1385/1019 1066/1386/1020 1091/1411/1045 1090/1410/1044
f 1066/1386/1020 1067/1387/1021 1092/1412/1046 1091/1411/1045
f 1068/1388/1022 1069/1389/1023 1094/1414/1048 1093/1413/1047
f 1069/1389/1023 1070/1390/1024 1095/1415/1049 1094/1414/1048
f 1070/1390/1024 1071/1391/1025 1096/1416/1050 1095/1415/1049
f 1071/1391/1025 1072/1392/1026 1097/1417/1051 1096/1416/1050
f 1072/1392/1026 1073/1393/1027 1098/1418/1052 1097/1417/1051
f 1073/1393/1027 1074/1394/1028 1099/1419/1053 1098/1418/1052
f 1074/1394/1028 1075/1395/1029 1100/1420/1054 1099/1419/1053
f 1075/1395/1029 1076/1396/1030 1101/1421/1055 1100/1420/1054
f 1076/1396/1030 1077/1397/1031 1102/1422/1056 1101/1421/1055
f 1077/1397/1031 1078/1398/1032 1103/1423/1057 1102/1422/1056
f 1078/1398/1032 1079/1399/1033 1104/1424/1058 1103/1423/1057
f 1079/1399/1033 1080/1400/1034 1105/1425/1059 1104/1424/1058
f 1080/1400/1034 1081/1401/1035 1106/1426/1060 1105/1425/1059
f 1081/1401/1035 1082/1402/1036 1107/1427/1061 1106/1426/1060
f 1082/1402/1036 1083/1403/1037 1108/1428/1062 1107/1427/1061
f 1083/1403/1037 1084/1404/1038 1109/1429/1063 1108/1428/1062
f 1084/1404/1038 1085/1405/1039 1110/1430/1064 1109/1429/1063
f 1085/1405/1039 1086/1406/1040 1111/1431/1065 1110/1430/1064
f 1086/1406/1040 1087/1407/1041 1112/1432/1066 1111/1431/1065
f 1087/1407/1041 1088/1408/1042 1113/1433/1067 1112/1432/1066
f 1088/1408/1042 1089/1409/1043 1114/1434/1068 1113/1433/1067
f 1089/1409/1043 1090/1410/1044 1115/1435/1069 1114/1434/1068
f 1090/1410/1044 1091/1411/1045 1116/1436/1070 1115/1435/1069
f 1091/1411/1045 1092/1412/1046 1117/1437/1071 1116/1436/1070
f 1093/1413/1047 1094/1414/1048 1119/1439/1073 1118/1438/1072
f 1094/1414/1048 1095/1415/1049 1120/1440/1074 1119/1439/1073
f 1095/1415/1049 1096/1416/1050 1121/1441/1075 1120/1440/1074
f 1096/1416/1050 1097/1417/1051 1122/1442/1076 1121/1441/1075
f 1097/1417/1051 1098/1418/1052 1123/1443/1077 1122/1442/1076
f 1098/1418/1052 1099/1419/1053 1124/1444/1078 1123/1443/1077
f 1099/1419/1053 1100/1420/1054 1125/1445/1079 1124/1444/1078
f 1100/1420/1054 1101/1421/1055 1126/1446/1080 1125/1445/1079
f 1101/1421/1055 1102/1422/1056 1127/1447/1081 1126/1446/1080
f 1102/1422/1056 1103/1423/1057 1128/1448/1082 1127/1447/1081
f 1103/1423/1057 1104/1424/1058 1129/1449/1083 1128/1448/1082
f 1104/1424/1058 1105/1425/1059 1130/1450/1084 1129/1449/1083
f 1105/1425/1059 1106/1426/1060 1131/1451/1085 1130/1450/1084
f 1106/1426/1060 1107/1427/1061 1132/1452/1086 1131/1451/1085
f 1107/1427/1061 1108/1428/1062 1133/1453/1087 1132/1452/1086
f 1108/1428/1062 1109/1429/1063 1134/1454/1088 1133/1453/1087
f 1109/1429/1063 1110/1430/1064 1135/1455/1089 1134/1454/1088
f 1110/1430/1064 1111/1431/1065 1136/1456/1090 1135/1455/1089
f 1111/1431/1065 1112/1432/1066 1137/1457/1091 1136/1456/1090
f 1112/1432/1066 1113/1433/1067 1138/1458/1092 1137/1457/1091
f 1113/1433/1067 1114/1434/1068 1139/1459/1093 1138/1458/1092
f 1114/1434/1068 1115/1435/1069 1140/1460/1094 1139/1459/1093
f 1115/1435/1069 1116/1436/1070 1141/1461/1095 1140/1460/1094
f 1116/1436/1070 1117/1437/1071 1142/1462/1096 1141/1461/1095
f 1118/1438/1072 1119/1439/1073 1144/1464/1098 1143/1463/1097
f 1119/1439/1073 1120/1440/1074 1145/1465/1099 1144/1464/1098
f 1120/1440/1074 1121/1441/1075 1146/1466/1100 1145/1465/1099
f 1121/1441/1075 1122/1442/1076 1147/1467/1101 1146/1466/1100
f 1122/1442/1076 1123/1443/1077 1148/1468/1102 1147/1467/1101
f 1123/1443/1077 1124/1444/1078 1149/1469/1103 1148/1468/1102
f 1124/1444/1078 1125/1445/1079 1150/1470/1104 1149/1469/1103
f 1125/1445/1079 1126/1446/1080 1151/1471/1105 1150/1470/1104
f 1126/1446/1080 1127/1447/1081 1152/1472/1106 1151/1471/1105
f 1127/1447/1081 1128/1448/1082 1153/1473/1107 1152/1472/1106
f 1128/1448/1082 1129/1449/1083 1154/1474/1108 1153/1473/1107
f 1129/1449/1083 1130/1450/1084 1155/1475/1109 1154/1474/1108
f 1130/1450/1084 1131/1451/1085 1156/1476/1110 1155/1475/1109
f 1131/1451/1085 1132/1452/1086 1157/1477/1111 1156/1476/1110
f 1132/1452/1086 1133/1453/1087 1158/1478/1112 1157/1477/1111
f 1133/1453/1087 1134/1454/1088 1159/1479/1113 1158/1478/1112
f 1134/1454/1088 1135/1455/1089 1160/1480/1114 1159/1479/1113
f 1135/1455/1089 1136/1456/1090 1161/1481/1115 1160/1480/1114
f 1136/1456/1090 1137/1457/1091 1162/1482/1116 1161/1481/1115
f 1137/1457/1091 1138/1458/1092 1163/1483/1117 1162/1482/1116
f 1138/1458/1092 1139/1459/1093 1164/1484/1118 1163/1483/1117
f 1139/1459/1093 1140/1460/1094 1165/1485/1119 1164/1484/1118
f 1140/1460/1094 1141/1461/1095 1166/1486/1120 1165/1485/1119
f 1141/1461/1095 1142/1462/1096 1167/1487/1121 1166/1486/1120
f 1143/1463/1097 1144/1464/1098 1169/1489/1123 1168/1488/1122
f 1144/1464/1098 1145/1465/1099 1170/1490/1124 1169/1489/1123
f 1145/1465/1099 1146/1466/1100 1171/1491/1125 1170/1490/1124
f 1146/1466/1100 1147/1467/1101 1172/1492/1126 1171/1491/1125
f 1147/1467/1101 1148/1468/1102 1173/1493/1127 1172/1492/1126
f 1148/1468/1102 1149/1469/1103 1174/1494/1128 1173/1493/1127
f 1149/1469/1103 1150/1470/1104 1175/1495/1129 1174/1494/1128
f 1150/1470/1104 1151/1471/1105 1176/1496/1130 1175/1495/1129
f 1151/1471/1105 1152/1472/1106 1177/1497/1131 1176/1496/1130
f 1152/1472/1106 1153/1473/1107 1178/1498/1132 1177/1497/1131
f 1153/1473/1107 1154/1474/1108 1179/1499/1133 1178/1498/1132
f 1154/1474/1108 1155/1475/1109 1180/1500/1134 1179/1499/1133
f 1155/1475/1109 1156/1476/1110 1181/1501/1135 1180/1500/1134
f 1156/1476/1110 1157/1477/1111 1182/1502/1136 1181/1501/1135
f 1157/1477/1111 1158/1478/1112 1183/1503/1137 1182/1502/1136
f 1158/1478/1112 1159/1479/1113 1184/1504/1138 1183/1503/1137
f 1159/1479/1113 1160/1480/1114 1185/1505/1139 1184/1504/1138
f 1160/1480/1114 1161/1481/1115 1186/1506/1140 1185/1505/1139
f 1161/1481/1115 1162/1482/1116 1187/1507/1141 1186/1506/1140
f 1162/1482/1116 1163/1483/1117 1188/1508/1142 1187/1507/1141
f 1163/1483/1117 1164/1484/1118 1189/1509/1143 1188/1508/1142
f 1164/1484/1118 1165/1485/1119 1190/1510/1144 1189/1509/1143
f 1165/1485/1119 1166/1486/1120 1191/1511/1145 1190/1510/1144
f 1166/1486/1120 1167/1487/1121 1192/1512/1146 1191/1511/1145
o eclipse_corona
usemtl corona
s 1
f 1193/1513/1147 1202/1522/1156 1203/1523/1157 1194/1514/1148
f 1194/1514/1148 1203/1523/1157 1204/1524/1158 1195/1515/1149
f 1195/1515/1149 1204/1524/1158 1205/1525/1159 1196/1516/1150
f 1196/1516/1150 1205/1525/1159 1206/1526/1160 1197/1517/1151
f 1197/1517/1151 1206/1526/1160 1207/1527/1161 1198/1518/1152
f 1198/1518/1152 1207/1527/1161 1208/1528/1162 1199/1519/1153
f 1199/1519/1153 1208/1528/1162 1209/1529/1163 1200/1520/1154
f 1200/1520/1154 1209/1529/1163 1210/1530/1164 1201/1521/1155
f 1202/1522/1156 1211/1531/1165 1212/1532/1166 1203/1523/1157
f 1203/1523/1157 1212/1532/1166 1213/1533/1167 1204/1524/1158
f 1204/1524/1158 1213/1533/1167 1214/1534/1168 1205/1525/1159
f 1205/1525/1159 1214/1534/1168 1215/1535/1169 1206/1526/1160
f 1206/1526/1160 1215/1535/1169 1216/1536/1170 1207/1527/1161
f 1207/1527/1161 1216/1536/1170 1217/1537/1171 1208/1528/1162
f 1208/1528/1162 1217/1537/1171 1218/1538/1172 1209/1529/1163
f 1209/1529/1163 1218/1538/1172 1219/1539/1173 1210/1530/1164
f 1211/1531/1165 1220/1540/1174 1221/1541/1175 1212/1532/1166
f 1212/1532/1166 1221/1541/1175 1222/1542/1176 1213/1533/1167
f 1213/1533/1167 1222/1542/1176 1223/1543/1177 1214/1534/1168
f 1214/1534/1168 1223/1543/1177 1224/1544/1178 1215/1535/1169
f 1215/1535/1169 1224/1544/1178 1225/1545/1179 1216/1536/1170
f 1216/1536/1170 1225/1545/1179 1226/1546/1180 1217/1537/1171
f 1217/1537/1171 1226/1546/1180 1227/1547/1181 1218/1538/1172
f 1218/1538/1172 1227/1547/1181 1228/1548/1182 1219/1539/1173
f 1220/1540/1174 1229/1549/1183 1230/1550/1184 1221/1541/1175
f 1221/1541/1175 1230/1550/1184 1231/1551/1185 1222/1542/1176
f 1222/1542/1176 1231/1551/1185 1232/1552/1186 1223/1543/1177
f 1223/1543/1177 1232/1552/1186 1233/1553/1187 1224/1544/1178
f 1224/1544/1178 1233/1553/1187 1234/1554/1188 1225/1545/1179
f 1225/1545/1179 1234/1554/1188 1235/1555/1189 1226/1546/1180
f 1226/1546/1180 1235/1555/1189 1236/1556/1190 1227/1547/1181
f 1227/1547/1181 1236/1556/1190 1237/1557/1191 1228/1548/1182
f 1229/1549/1183 1238/1558/1192 1239/1559/1193 1230/1550/1184
f 1230/1550/1184 1239/1559/1193 1240/1560/1194 1231/1551/1185
f 1231/1551/1185 1240/1560/1194 1241/1561/1195 1232/1552/1186
f 1232/1552/1186 1241/1561/1195 1242/1562/1196 1233/1553/1187
f 1233/1553/1187 1242/1562/1196 1243/1563/1197 1234/1554/1188
f 1234/1554/1188 1243/1563/1197 1244/1564/1198 1235/1555/1189
f 1235/1555/1189 1244/1564/1198 1245/1565/1199 1236/1556/1190
f 1236/1556/1190 1245/1565/1199 1246/1566/1200 1237/1557/1191
f 1238/1558/1192 1247/1567/1201 1248/1568/1202 1239/1559/1193
f 1239/1559/1193 1248/1568/1202 1249/1569/1203 1240/1560/1194
f 1240/1560/1194 1249/1569/1203 1250/1570/1204 1241/1561/1195
f 1241/1561/1195 1250/1570/1204 1251/1571/1205 1242/1562/1196
f 1242/1562/1196 1251/1571/1205 1252/1572/1206 1243/1563/1197
f 1243/1563/1197 1252/1572/1206 1253/1573/1207 1244/1564/1198
f 1244/1564/1198 1253/1573/1207 1254/1574/1208 1245/1565/1199
f 1245/1565/1199 1254/1574/1208 1255/1575/1209 1246/1566/1200
f 1247/1567/1201 1256/1576/1210 1257/1577/1211 1248/1568/1202
f 1248/1568/1202 1257/1577/1211 1258/1578/1212 1249/1569/1203
f 1249/1569/1203 1258/1578/1212 1259/1579/1213 1250/1570/1204
f 1250/1570/1204 1259/1579/1213 1260/1580/1214 1251/1571/1205
f 1251/1571/1205 1260/1580/1214 1261/1581/1215 1252/1572/1206
f 1252/1572/1206 1261/1581/1215 1262/1582/1216 1253/1573/1207
f 1253/1573/1207 1262/1582/1216 1263/1583/1217 1254/1574/1208
f 1254/1574/1208 1263/1583/1217 1264/1584/1218 1255/1575/1209
f 1256/1576/1210 1265/1585/1219 1266/1586/1220 1257/1577/1211
f 1257/1577/1211 1266/1586/1220 1267/1587/1221 1258/1578/1212
f 1258/1578/1212 1267/1587/1221 1268/1588/1222 1259/1579/1213
f 1259/1579/1213 1268/1588/1222 1269/1589/1223 1260/1580/1214
f 1260/1580/1214 1269/1589/1223 1270/1590/1224 1261/1581/1215
f 1261/1581/1215 1270/1590/1224 1271/1591/1225 1262/1582/1216
f 1262/1582/1216 1271/1591/1225 1272/1592/1226 1263/1583/1217
f 1263/1583/1217 1272/1592/1226 1273/1593/1227 1264/1584/1218
f 1265/1585/1219 1274/1594/1228 1275/1595/1229 1266/1586/1220
f 1266/1586/1220 1275/1595/1229 1276/1596/1230 1267/1587/1221
f 1267/1587/1221 1276/1596/1230 1277/1597/1231 1268/1588/1222
f 1268/1588/1222 1277/1597/1231 1278/1598/1232 1269/1589/1223
f 1269/1589/1223 1278/1598/1232 1279/1599/1233 1270/1590/1224
f 1270/1590/1224 1279/1599/1233 1280/1600/1234 1271/1591/1225
f 1271/1591/1225 1280/1600/1234 1281/1601/1235 1272/1592/1226
f 1272/1592/1226 1281/1601/1235 1282/1602/1236 1273/1593/1227
f 1274/1594/1228 1283/1603/1237 1284/1604/1238 1275/1595/1229
f 1275/1595/1229 1284/1604/1238 1285/1605/1239 1276/1596/1230
f 1276/1596/1230 1285/1605/1239 1286/1606/1240 1277/1597/1231
f 1277/1597/1231 1286/1606/1240 1287/1607/1241 1278/1598/1232
f 1278/1598/1232 1287/1607/1241 1288/1608/1242 1279/1599/1233
f 1279/1599/1233 1288/1608/1242 1289/1609/1243 1280/1600/1234
f 1280/1600/1234 1289/1609/1243 1290/1610/1244 1281/1601/1235
f 1281/1601/1235 1290/1610/1244 1291/1611/1245 1282/1602/1236
f 1283/1603/1237 1292/1612/1246 1293/1613/1247 1284/1604/1238
f 1284/1604/1238 1293/1613/1247 1294/1614/1248 1285/1605/1239
f 1285/1605/1239 1294/1614/1248 1295/1615/1249 1286/1606/1240
f 1286/1606/1240 1295/1615/1249 1296/1616/1250 1287/1607/1241
f 1287/1607/1241 1296/1616/1250 1297/1617/1251 1288/1608/1242
f 1288/1608/1242 1297/1617/1251 1298/1618/1252 1289/1609/1243
f 1289/1609/1243 1298/1618/1252 1299/1619/1253 1290/1610/1244
f 1290/1610/1244 1299/1619/1253 1300/1620/1254 1291/1611/1245
f 1292/1612/1246 1301/1621/1255 1302/1622/1256 1293/1613/1247
f 1293/1613/1247 1302/1622/1256 1303/1623/1257 1294/1614/1248
f 1294/1614/1248 1303/1623/1257 1304/1624/1258 1295/1615/1249
f 1295/1615/1249 1304/1624/1258 1305/1625/1259 1296/1616/1250
f 1296/1616/1250 1305/1625/1259 1306/1626/1260 1297/1617/1251
f 1297/1617/1251 1306/1626/1260 1307/1627/1261 1298/1618/1252
f 1298/1618/1252 1307/1627/1261 1308/1628/1262 1299/1619/1253
f 1299/1619/1253 1308/1628/1262 1309/1629/1263 1300/1620/1254
f 1301/1621/1255 1310/1630/1264 1311/1631/1265 1302/1622/1256
f 1302/1622/1256 1311/1631/1265 1312/1632/1266 1303/1623/1257
f 1303/1623/1257 1312/1632/1266 1313/1633/1267 1304/1624/1258
f 1304/1624/1258 1313/1633/1267 1314/1634/1268 1305/1625/1259
f 1305/1625/1259 1314/1634/1268 1315/1635/1269 1306/1626/1260
f 1306/1626/1260 1315/1635/1269 1316/1636/1270 1307/1627/1261
f 1307/1627/1261 1316/1636/1270 1317/1637/1271 1308/1628/1262
f 1308/1628/1262 1317/1637/1271 1318/1638/1272 1309/1629/1263
f 1310/1630/1264 1319/1639/1273 1320/1640/1274 1311/1631/1265
f 1311/1631/1265 1320/1640/1274 1321/1641/1275 1312/1632/1266
f 1312/1632/1266 1321/1641/1275 1322/1642/1276 1313/1633/1267
f 1313/1633/1267 1322/1642/1276 1323/1643/1277 1314/1634/1268
f 1314/1634/1268 1323/1643/1277 1324/1644/1278 1315/1635/1269
f 1315/1635/1269 1324/1644/1278 1325/1645/1279 1316/1636/1270
f 1316/1636/1270 1325/1645/1279 1326/1646/1280 1317/1637/1271
f 1317/1637/1271 1326/1646/1280 1327/1647/1281 1318/1638/1272
f 1319/1639/1273 1328/1648/1282 1329/1649/1283 1320/1640/1274
f 1320/1640/1274 1329/1649/1283 1330/1650/1284 1321/1641/1275
f 1321/1641/1275 1330/1650/1284 1331/1651/1285 1322/1642/1276
f 1322/1642/1276 1331/1651/1285 1332/1652/1286 1323/1643/1277
f 1323/1643/1277 1332/1652/1286 1333/1653/1287 1324/1644/1278
f 1324/1644/1278 1333/1653/1287 1334/1654/1288 1325/1645/1279
f 1325/1645/1279 1334/1654/1288 1335/1655/1289 1326/1646/1280
f 1326/1646/1280 1335/1655/1289 1336/1656/1290 1327/1647/1281
f 1328/1648/1282 1337/1657/1291 1338/1658/1292 1329/1649/1283
f 1329/1649/1283 1338/1658/1292 1339/1659/1293 1330/1650/1284
f 1330/1650/1284 1339/1659/1293 1340/1660/1294 1331/1651/1285
f 1331/1651/1285 1340/1660/1294 1341/1661/1295 1332/1652/1286
f 1332/1652/1286 1341/1661/1295 1342/1662/1296 1333/1653/1287
f 1333/1653/1287 1342/1662/1296 1343/1663/1297 1334/1654/1288
f 1334/1654/1288 1343/1663/1297 1344/1664/1298 1335/1655/1289
f 1335/1655/1289 1344/1664/1298 1345/1665/1299 1336/1656/1290
f 1337/1657/1291 1346/1666/1300 1347/1667/1301 1338/1658/1292
f 1338/1658/1292 1347/1667/1301 1348/1668/1302 1339/1659/1293
f 1339/1659/1293 1348/1668/1302 1349/1669/1303 1340/1660/1294
f 1340/1660/1294 1349/1669/1303 1350/1670/1304 1341/1661/1295
f 1341/1661/1295 1350/1670/1304 1351/1671/1305 1342/1662/1296
f 1342/1662/1296 1351/1671/1305 1352/1672/1306 1343/1663/1297
f 1343/1663/1297 1352/1672/1306 1353/1673/1307 1344/1664/1298
f 1344/1664/1298 1353/1673/1307 1354/1674/1308 1345/1665/1299
f 1346/1666/1300 1355/1675/1309 1356/1676/1310 1347/1667/1301
f 1347/1667/1301 1356/1676/1310 1357/1677/1311 1348/1668/1302
f 1348/1668/1302 1357/1677/1311 1358/1678/1312 1349/1669/1303
f 1349/1669/1303 1358/1678/1312 1359/1679/1313 1350/1670/1304
f 1350/1670/1304 1359/1679/1313 1360/1680/1314 1351/1671/1305
f 1351/1671/1305 1360/1680/1314 1361/1681/1315 1352/1672/1306
f 1352/1672/1306 1361/1681/1315 1362/1682/1316 1353/1673/1307
f 1353/1673/1307 1362/1682/1316 1363/1683/1317 1354/1674/1308
f 1355/1675/1309 1364/1684/1318 1365/1685/1319 1356/1676/1310
f 1356/1676/1310 1365/1685/1319 1366/1686/1320 1357/1677/1311
f 1357/1677/1311 1366/1686/1320 1367/1687/1321 1358/1678/1312
f 1358/1678/1312 1367/1687/1321 1368/1688/1322 1359/1679/1313
f 1359/1679/1313 1368/1688/1322 1369/1689/1323 1360/1680/1314
f 1360/1680/1314 1369/1689/1323 1370/1690/1324 1361/1681/1315
f 1361/1681/1315 1370/1690/1324 1371/1691/1325 1362/1682/1316
f 1362/1682/1316 1371/1691/1325 1372/1692/1326 1363/1683/1317
f 1364/1684/1318 1373/1693/1327 1374/1694/1328 1365/1685/1319
f 1365/1685/1319 1374/1694/1328 1375/1695/1329 1366/1686/1320
f 1366/1686/1320 1375/1695/1329 1376/1696/1330 1367/1687/1321
f 1367/1687/1321 1376/1696/1330 1377/1697/1331 1368/1688/1322
f 1368/1688/1322 1377/1697/1331 1378/1698/1332 1369/1689/1323
f 1369/1689/1323 1378/1698/1332 1379/1699/1333 1370/1690/1324
f 1370/1690/1324 1379/1699/1333 1380/1700/1334 1371/1691/1325
f 1371/1691/1325 1380/1700/1334 1381/1701/1335 1372/1692/1326
f 1373/1693/1327 1382/1702/1336 1383/1703/1337 1374/1694/1328
f 1374/1694/1328 1383/1703/1337 1384/1704/1338 1375/1695/1329
f 1375/1695/1329 1384/1704/1338 1385/1705/1339 1376/1696/1330
f 1376/1696/1330 1385/1705/1339 1386/1706/1340 1377/1697/1331
f 1377/1697/1331 1386/1706/1340 1387/1707/1341 1378/1698/1332
f 1378/1698/1332 1387/1707/1341 1388/1708/1342 1379/1699/1333
f 1379/1699/1333 1388/1708/1342 1389/1709/1343 1380/1700/1334
f 1380/1700/1334 1389/1709/1343 1390/1710/1344 1381/1701/1335
f 1382/1702/1336 1391/1711/1345 1392/1712/1346 1383/1703/1337
f 1383/1703/1337 1392/1712/1346 1393/1713/1347 1384/1704/1338
f 1384/1704/1338 1393/1713/1347 1394/1714/1348 1385/1705/1339
f 1385/1705/1339 1394/1714/1348 1395/1715/1349 1386/1706/1340
f 1386/1706/1340 1395/1715/1349 1396/1716/1350 1387/1707/1341
f 1387/1707/1341 1396/1716/1350 1397/1717/1351 1388/1708/1342
f 1388/1708/1342 1397/1717/1351 1398/1718/1352 1389/1709/1343
f 1389/1709/1343 1398/1718/1352 1399/1719/1353 1390/1710/1344
f 1391/1711/1345 1400/1720/1354 1401/1721/1355 1392/1712/1346
f 1392/1712/1346 1401/1721/1355 1402/1722/1356 1393/1713/1347
f 1393/1713/1347 1402/1722/1356 1403/1723/1357 1394/1714/1348
f 1394/1714/1348 1403/1723/1357 1404/1724/1358 1395/1715/1349
f 1395/1715/1349 1404/1724/1358 1405/1725/1359 1396/1716/1350
f 1396/1716/1350 1405/1725/1359 1406/1726/1360 1397/1717/1351
f 1397/1717/1351 1406/1726/1360 1407/1727/1361 1398/1718/1352
f 1398/1718/1352 1407/1727/1361 1408/1728/1362 1399/1719/1353
f 1400/1720/1354 1409/1729/1363 1410/1730/1364 1401/1721/1355
f 1401/1721/1355 1410/1730/1364 1411/1731/1365 1402/1722/1356
f 1402/1722/1356 1411/1731/1365 1412/1732/1366 1403/1723/1357
f 1403/1723/1357 1412/1732/1366 1413/1733/1367 1404/1724/1358
f 1404/1724/1358 1413/1733/1367 1414/1734/1368 1405/1725/1359
f 1405/1725/1359 1414/1734/1368 1415/1735/1369 1406/1726/1360
f 1406/1726/1360 1415/1735/1369 1416/1736/1370 1407/1727/1361
f 1407/1727/1361 1416/1736/1370 1417/1737/1371 1408/1728/1362
f 1409/1729/1363 1418/1738/1372 1419/1739/1373 1410/1730/1364
f 1410/1730/1364 1419/1739/1373 1420/1740/1374 1411/1731/1365
f 1411/1731/1365 1420/1740/1374 1421/1741/1375 1412/1732/1366
f 1412/1732/1366 1421/1741/1375 1422/1742/1376 1413/1733/1367
f 1413/1733/1367 1422/1742/1376 1423/1743/1377 1414/1734/1368
f 1414/1734/1368 1423/1743/1377 1424/1744/1378 1415/1735/1369
f 1415/1735/1369 1424/1744/1378 1425/1745/1379 1416/1736/1370
f 1416/1736/1370 1425/1745/1379 1426/1746/1380 1417/1737/1371
f 1418/1738/1372 1427/1747/1381 1428/1748/1382 1419/1739/1373
f 1419/1739/1373 1428/1748/1382 1429/1749/1383 1420/1740/1374
f 1420/1740/1374 1429/1749/1383 1430/1750/1384 1421/1741/1375
f 1421/1741/1375 1430/1750/1384 1431/1751/1385 1422/1742/1376
f 1422/1742/1376 1431/1751/1385 1432/1752/1386 1423/1743/1377
f 1423/1743/1377 1432/1752/1386 1433/1753/1387 1424/1744/1378
f 1424/1744/1378 1433/1753/1387 1434/1754/1388 1425/1745/1379
f 1425/1745/1379 1434/1754/1388 1435/1755/1389 1426/1746/1380
f 1427/1747/1381 1436/1756/1390 1437/1757/1391 1428/1748/1382
f 1428/1748/1382 1437/1757/1391 1438/1758/1392 1429/1749/1383
f 1429/1749/1383 1438/1758/1392 1439/1759/1393 1430/1750/1384
f 1430/1750/1384 1439/1759/1393 1440/1760/1394 1431/1751/1385
f 1431/1751/1385 1440/1760/1394 1441/1761/1395 1432/1752/1386
f 1432/1752/1386 1441/1761/1395 1442/1762/1396 1433/1753/1387
f 1433/1753/1387 1442/1762/1396 1443/1763/1397 1434/1754/1388
f 1434/1754/1388 1443/1763/1397 1444/1764/1398 1435/1755/1389
f 1436/1756/1390 1445/1765/1399 1446/1766/1400 1437/1757/1391
f 1437/1757/1391 1446/1766/1400 1447/1767/1401 1438/1758/1392
f 1438/1758/1392 1447/1767/1401 1448/1768/1402 1439/1759/1393
f 1439/1759/1393 1448/1768/1402 1449/1769/1403 1440/1760/1394
f 1440/1760/1394 1449/1769/1403 1450/1770/1404 1441/1761/1395
f 1441/1761/1395 1450/1770/1404 1451/1771/1405 1442/1762/1396
f 1442/1762/1396 1451/1771/1405 1452/1772/1406 1443/1763/1397
f 1443/1763/1397 1452/1772/1406 1453/1773/1407 1444/1764/1398
f 1445/1765/1399 1454/1774/1408 1455/1775/1409 1446/1766/1400
f 1446/1766/1400 1455/1775/1409 1456/1776/1410 1447/1767/1401
f 1447/1767/1401 1456/1776/1410 1457/1777/1411 1448/1768/1402
f 1448/1768/1402 1457/1777/1411 1458/1778/1412 1449/1769/1403
f 1449/1769/1403 1458/1778/1412 1459/1779/1413 1450/1770/1404
f 1450/1770/1404 1459/1779/1413 1460/1780/1414 1451/1771/1405
f 1451/1771/1405 1460/1780/1414 1461/1781/1415 1452/1772/1406
f 1452/1772/1406 1461/1781/1415 1462/1782/1416 1453/1773/1407
f 1454/1774/1408 1463/1783/1417 1464/1784/1418 1455/1775/1409
f 1455/1775/1409 1464/1784/1418 1465/1785/1419 1456/1776/1410
f 1456/1776/1410 1465/1785/1419 1466/1786/1420 1457/1777/1411
f 1457/1777/1411 1466/1786/1420 1467/1787/1421 1458/1778/1412
f 1458/1778/1412 1467/1787/1421 1468/1788/1422 1459/1779/1413
f 1459/1779/1413 1468/1788/1422 1469/1789/1423 1460/1780/1414
f 1460/1780/1414 1469/1789/1423 1470/1790/1424 1461/1781/1415
f 1461/1781/1415 1470/1790/1424 1471/1791/1425 1462/1782/1416
f 1463/1783/1417 1472/1792/1426 1473/1793/1427 1464/1784/1418
f 1464/1784/1418 1473/1793/1427 1474/1794/1428 1465/1785/1419
f 1465/1785/1419 1474/1794/1428 1475/1795/1429 1466/1786/1420
f 1466/1786/1420 1475/1795/1429 1476/1796/1430 1467/1787/1421
f 1467/1787/1421 1476/1796/1430 1477/1797/1431 1468/1788/1422
f 1468/1788/1422 1477/1797/1431 1478/1798/1432 1469/1789/1423
f 1469/1789/1423 1478/1798/1432 1479/1799/1433 1470/1790/1424
f 1470/1790/1424 1479/1799/1433 1480/1800/1434 1471/1791/1425
f 1472/1792/1426 1481/1801/1435 1482/1802/1436 1473/1793/1427
f 1473/1793/1427 1482/1802/1436 1483/1803/1437 1474/1794/1428
f 1474/1794/1428 1483/1803/1437 1484/1804/1438 1475/1795/1429
f 1475/1795/1429 1484/1804/1438 1485/1805/1439 1476/1796/1430
f 1476/1796/1430 1485/1805/1439 1486/1806/1440 1477/1797/1431
f 1477/1797/1431 1486/1806/1440 1487/1807/1441 1478/1798/1432
f 1478/1798/1432 1487/1807/1441 1488/1808/1442 1479/1799/1433
f 1479/1799/1433 1488/1808/1442 1489/1809/1443 1480/1800/1434
o judgement_tooth
usemtl obsidian
s 1
f 1490/1810/1444 1491/1811/1444 1494/1814/1444
f 1491/1810/1445 1492/1811/1445 1494/1814/1445
f 1492/1810/1446 1493/1811/1446 1494/1814/1446
f 1493/1810/1447 1490/1811/1447 1494/1814/1447
f 1493/1813/1448 1492/1812/1448 1491/1811/1448 1490/1810/1448
